data;symbol;interval;estimator;imbalance_method;stop_loss;regression_times;times_regression_profit_and_loss;profit_and_loss_value;start_value;final_value;numeric_features;regression_features;train_size;use-all-data-to-train;start_train_date;start_test_date;fold;no-tune;score;model_name;arguments
2023-10-18 12:03:29;ETHUSDT;5m;knn;allknn;1.0;0;72;-42.14;100.0;57.86;quote_asset_volume,rsi,ema_200p;;0.7;False;2022-01-01;2023-01-01 00:05:00;3;True;[CAI_1.0=0.43][ESTAVEL=0.35][SOBE_1.0=0.34];<< NOT SAVED >>;['-batch-training', '-calc-rsi', '-normalize', '-no-tune', '-n-jobs=20', '-symbol-list=ETHUSDT,BNBUSDT,XRPUSDT,ADAUSDT,DOGEUSDT,SOLUSDT,TRXUSDT,DOTUSDT,MATICUSDT,LTCUSDT,BCHUSDT,AVAXUSDT,XLMUSDT,LINKUSDT,XMRUSDT,UNIUSDT,ATOMUSDT', '-interval-list=5m', '-estimator-list=knn', '-stop-loss-list=1.0', '-numeric-features=quote_asset_volume', '-regression-PnL-list=72', '-regression-times-list=0', '-start-train-date=2022-01-01', '-start-test-date=2023-01-01']
2023-10-18 12:02:15;ETHUSDT;5m;knn;allknn;1.0;0;72;33.83;100.0;133.83;quote_asset_volume,rsi,ema_72p;;0.7;False;2022-01-01;2023-01-01 00:05:00;3;True;[CAI_1.0=0.42][ESTAVEL=0.34][SOBE_1.0=0.34];<< NOT SAVED >>;['-batch-training', '-calc-rsi', '-normalize', '-no-tune', '-n-jobs=20', '-symbol-list=ETHUSDT,BNBUSDT,XRPUSDT,ADAUSDT,DOGEUSDT,SOLUSDT,TRXUSDT,DOTUSDT,MATICUSDT,LTCUSDT,BCHUSDT,AVAXUSDT,XLMUSDT,LINKUSDT,XMRUSDT,UNIUSDT,ATOMUSDT', '-interval-list=5m', '-estimator-list=knn', '-stop-loss-list=1.0', '-numeric-features=quote_asset_volume', '-regression-PnL-list=72', '-regression-times-list=0', '-start-train-date=2022-01-01', '-start-test-date=2023-01-01']
2023-10-18 12:01:55;ETHUSDT;5m;knn;repeatededitednearestneighbours;1.0;0;72;112.8;100.0;212.8;quote_asset_volume,rsi,ema_72p;;0.7;False;2022-01-01;2023-01-01 00:05:00;3;True;[CAI_1.0=0.24][ESTAVEL=0.76][SOBE_1.0=0.14];<< NOT SAVED >>;['-batch-training', '-calc-rsi', '-normalize', '-no-tune', '-n-jobs=20', '-symbol-list=ETHUSDT,BNBUSDT,XRPUSDT,ADAUSDT,DOGEUSDT,SOLUSDT,TRXUSDT,DOTUSDT,MATICUSDT,LTCUSDT,BCHUSDT,AVAXUSDT,XLMUSDT,LINKUSDT,XMRUSDT,UNIUSDT,ATOMUSDT', '-interval-list=5m', '-estimator-list=knn', '-stop-loss-list=1.0', '-numeric-features=quote_asset_volume', '-regression-PnL-list=72', '-regression-times-list=0', '-start-train-date=2022-01-01', '-start-test-date=2023-01-01']
2023-10-18 12:06:47;ETHUSDT;5m;knn;repeatededitednearestneighbours;1.0;0;72;122.77;100.0;222.77;quote_asset_volume,rsi,ema_72p,ema_200p;;0.7;False;2022-01-01;2023-01-01 00:05:00;3;True;[CAI_1.0=0.22][ESTAVEL=0.77][SOBE_1.0=0.11];<< NOT SAVED >>;['-batch-training', '-calc-rsi', '-normalize', '-no-tune', '-n-jobs=20', '-symbol-list=ETHUSDT,BNBUSDT,XRPUSDT,ADAUSDT,DOGEUSDT,SOLUSDT,TRXUSDT,DOTUSDT,MATICUSDT,LTCUSDT,BCHUSDT,AVAXUSDT,XLMUSDT,LINKUSDT,XMRUSDT,UNIUSDT,ATOMUSDT', '-interval-list=5m', '-estimator-list=knn', '-stop-loss-list=1.0', '-numeric-features=quote_asset_volume', '-regression-PnL-list=72', '-regression-times-list=0', '-start-train-date=2022-01-01', '-start-test-date=2023-01-01']
2023-10-18 12:07:06;ETHUSDT;5m;knn;allknn;1.0;0;72;243.81;100.0;343.81;quote_asset_volume,rsi,ema_72p,ema_200p;;0.7;False;2022-01-01;2023-01-01 00:05:00;3;True;[CAI_1.0=0.43][ESTAVEL=0.32][SOBE_1.0=0.30];<< NOT SAVED >>;['-batch-training', '-calc-rsi', '-normalize', '-no-tune', '-n-jobs=20', '-symbol-list=ETHUSDT,BNBUSDT,XRPUSDT,ADAUSDT,DOGEUSDT,SOLUSDT,TRXUSDT,DOTUSDT,MATICUSDT,LTCUSDT,BCHUSDT,AVAXUSDT,XLMUSDT,LINKUSDT,XMRUSDT,UNIUSDT,ATOMUSDT', '-interval-list=5m', '-estimator-list=knn', '-stop-loss-list=1.0', '-numeric-features=quote_asset_volume', '-regression-PnL-list=72', '-regression-times-list=0', '-start-train-date=2022-01-01', '-start-test-date=2023-01-01']
2023-10-18 12:03:09;ETHUSDT;5m;knn;repeatededitednearestneighbours;1.0;0;72;249.13;100.0;349.13;quote_asset_volume,rsi,ema_200p;;0.7;False;2022-01-01;2023-01-01 00:05:00;3;True;[CAI_1.0=0.24][ESTAVEL=0.76][SOBE_1.0=0.14];<< NOT SAVED >>;['-batch-training', '-calc-rsi', '-normalize', '-no-tune', '-n-jobs=20', '-symbol-list=ETHUSDT,BNBUSDT,XRPUSDT,ADAUSDT,DOGEUSDT,SOLUSDT,TRXUSDT,DOTUSDT,MATICUSDT,LTCUSDT,BCHUSDT,AVAXUSDT,XLMUSDT,LINKUSDT,XMRUSDT,UNIUSDT,ATOMUSDT', '-interval-list=5m', '-estimator-list=knn', '-stop-loss-list=1.0', '-numeric-features=quote_asset_volume', '-regression-PnL-list=72', '-regression-times-list=0', '-start-train-date=2022-01-01', '-start-test-date=2023-01-01']
2023-10-18 11:41:36;ETHUSDT;5m;knn;repeatededitednearestneighbours;1.0;0;72;272.93;100.0;372.93;quote_asset_volume;;0.7;False;2022-01-01;2023-01-01 00:05:00;3;True;[CAI_1.0=0.18][ESTAVEL=0.84][SOBE_1.0=0.07];<< NOT SAVED >>;['-batch-training', '-calc-rsi', '-normalize', '-no-tune', '-n-jobs=20', '-symbol-list=ETHUSDT,BNBUSDT,XRPUSDT,ADAUSDT,DOGEUSDT,SOLUSDT,TRXUSDT,DOTUSDT,MATICUSDT,LTCUSDT,BCHUSDT,AVAXUSDT,XLMUSDT,LINKUSDT,XMRUSDT,UNIUSDT,ATOMUSDT', '-interval-list=5m', '-estimator-list=knn', '-stop-loss-list=1.0', '-numeric-features=quote_asset_volume', '-regression-PnL-list=72', '-regression-times-list=0', '-start-train-date=2022-01-01', '-start-test-date=2023-01-01']
2023-10-18 12:04:17;ETHUSDT;5m;knn;repeatededitednearestneighbours;1.0;0;72;276.67;100.0;376.67;quote_asset_volume,ema_72p,ema_200p;;0.7;False;2022-01-01;2023-01-01 00:05:00;3;True;[CAI_1.0=0.24][ESTAVEL=0.71][SOBE_1.0=0.14];<< NOT SAVED >>;['-batch-training', '-calc-rsi', '-normalize', '-no-tune', '-n-jobs=20', '-symbol-list=ETHUSDT,BNBUSDT,XRPUSDT,ADAUSDT,DOGEUSDT,SOLUSDT,TRXUSDT,DOTUSDT,MATICUSDT,LTCUSDT,BCHUSDT,AVAXUSDT,XLMUSDT,LINKUSDT,XMRUSDT,UNIUSDT,ATOMUSDT', '-interval-list=5m', '-estimator-list=knn', '-stop-loss-list=1.0', '-numeric-features=quote_asset_volume', '-regression-PnL-list=72', '-regression-times-list=0', '-start-train-date=2022-01-01', '-start-test-date=2023-01-01']
2023-10-18 11:56:45;ETHUSDT;5m;knn;instancehardnessthreshold;1.0;0;72;280.87;100.0;380.87;quote_asset_volume,ema_200p;;0.7;False;2022-01-01;2023-01-01 00:05:00;3;True;[CAI_1.0=0.39][ESTAVEL=0.28][SOBE_1.0=0.42];<< NOT SAVED >>;['-batch-training', '-calc-rsi', '-normalize', '-no-tune', '-n-jobs=20', '-symbol-list=ETHUSDT,BNBUSDT,XRPUSDT,ADAUSDT,DOGEUSDT,SOLUSDT,TRXUSDT,DOTUSDT,MATICUSDT,LTCUSDT,BCHUSDT,AVAXUSDT,XLMUSDT,LINKUSDT,XMRUSDT,UNIUSDT,ATOMUSDT', '-interval-list=5m', '-estimator-list=knn', '-stop-loss-list=1.0', '-numeric-features=quote_asset_volume', '-regression-PnL-list=72', '-regression-times-list=0', '-start-train-date=2022-01-01', '-start-test-date=2023-01-01']
2023-10-18 11:55:57;ETHUSDT;5m;knn;repeatededitednearestneighbours;1.0;0;72;295.83;100.0;395.83;quote_asset_volume,ema_72p;;0.7;False;2022-01-01;2023-01-01 00:05:00;3;True;[CAI_1.0=0.25][ESTAVEL=0.70][SOBE_1.0=0.19];<< NOT SAVED >>;['-batch-training', '-calc-rsi', '-normalize', '-no-tune', '-n-jobs=20', '-symbol-list=ETHUSDT,BNBUSDT,XRPUSDT,ADAUSDT,DOGEUSDT,SOLUSDT,TRXUSDT,DOTUSDT,MATICUSDT,LTCUSDT,BCHUSDT,AVAXUSDT,XLMUSDT,LINKUSDT,XMRUSDT,UNIUSDT,ATOMUSDT', '-interval-list=5m', '-estimator-list=knn', '-stop-loss-list=1.0', '-numeric-features=quote_asset_volume', '-regression-PnL-list=72', '-regression-times-list=0', '-start-train-date=2022-01-01', '-start-test-date=2023-01-01']
2023-10-18 12:05:07;ETHUSDT;5m;knn;instancehardnessthreshold;1.0;0;72;354.01;100.0;454.01;rsi,ema_72p,ema_200p;;0.7;False;2022-01-01;2023-01-01 00:05:00;3;True;[CAI_1.0=0.44][ESTAVEL=0.18][SOBE_1.0=0.40];<< NOT SAVED >>;['-batch-training', '-calc-rsi', '-normalize', '-no-tune', '-n-jobs=20', '-symbol-list=ETHUSDT,BNBUSDT,XRPUSDT,ADAUSDT,DOGEUSDT,SOLUSDT,TRXUSDT,DOTUSDT,MATICUSDT,LTCUSDT,BCHUSDT,AVAXUSDT,XLMUSDT,LINKUSDT,XMRUSDT,UNIUSDT,ATOMUSDT', '-interval-list=5m', '-estimator-list=knn', '-stop-loss-list=1.0', '-numeric-features=quote_asset_volume', '-regression-PnL-list=72', '-regression-times-list=0', '-start-train-date=2022-01-01', '-start-test-date=2023-01-01']
2023-10-18 11:58:35;ETHUSDT;5m;knn;allknn;1.0;0;72;366.44;100.0;466.44;rsi,ema_72p;;0.7;False;2022-01-01;2023-01-01 00:05:00;3;True;[CAI_1.0=0.43][ESTAVEL=0.14][SOBE_1.0=0.44];<< NOT SAVED >>;['-batch-training', '-calc-rsi', '-normalize', '-no-tune', '-n-jobs=20', '-symbol-list=ETHUSDT,BNBUSDT,XRPUSDT,ADAUSDT,DOGEUSDT,SOLUSDT,TRXUSDT,DOTUSDT,MATICUSDT,LTCUSDT,BCHUSDT,AVAXUSDT,XLMUSDT,LINKUSDT,XMRUSDT,UNIUSDT,ATOMUSDT', '-interval-list=5m', '-estimator-list=knn', '-stop-loss-list=1.0', '-numeric-features=quote_asset_volume', '-regression-PnL-list=72', '-regression-times-list=0', '-start-train-date=2022-01-01', '-start-test-date=2023-01-01']
2023-10-18 11:59:06;ETHUSDT;5m;knn;instancehardnessthreshold;1.0;0;72;407.87;100.0;507.87;rsi,ema_200p;;0.7;False;2022-01-01;2023-01-01 00:05:00;3;True;[CAI_1.0=0.41][ESTAVEL=0.20][SOBE_1.0=0.42];<< NOT SAVED >>;['-batch-training', '-calc-rsi', '-normalize', '-no-tune', '-n-jobs=20', '-symbol-list=ETHUSDT,BNBUSDT,XRPUSDT,ADAUSDT,DOGEUSDT,SOLUSDT,TRXUSDT,DOTUSDT,MATICUSDT,LTCUSDT,BCHUSDT,AVAXUSDT,XLMUSDT,LINKUSDT,XMRUSDT,UNIUSDT,ATOMUSDT', '-interval-list=5m', '-estimator-list=knn', '-stop-loss-list=1.0', '-numeric-features=quote_asset_volume', '-regression-PnL-list=72', '-regression-times-list=0', '-start-train-date=2022-01-01', '-start-test-date=2023-01-01']
2023-10-18 11:55:08;ETHUSDT;5m;knn;allknn;1.0;0;72;414.53;100.0;514.53;quote_asset_volume,rsi;;0.7;False;2022-01-01;2023-01-01 00:05:00;3;True;[CAI_1.0=0.41][ESTAVEL=0.45][SOBE_1.0=0.24];<< NOT SAVED >>;['-batch-training', '-calc-rsi', '-normalize', '-no-tune', '-n-jobs=20', '-symbol-list=ETHUSDT,BNBUSDT,XRPUSDT,ADAUSDT,DOGEUSDT,SOLUSDT,TRXUSDT,DOTUSDT,MATICUSDT,LTCUSDT,BCHUSDT,AVAXUSDT,XLMUSDT,LINKUSDT,XMRUSDT,UNIUSDT,ATOMUSDT', '-interval-list=5m', '-estimator-list=knn', '-stop-loss-list=1.0', '-numeric-features=quote_asset_volume', '-regression-PnL-list=72', '-regression-times-list=0', '-start-train-date=2022-01-01', '-start-test-date=2023-01-01']
2023-10-18 11:57:20;ETHUSDT;5m;knn;allknn;1.0;0;72;427.44;100.0;527.44;quote_asset_volume,ema_200p;;0.7;False;2022-01-01;2023-01-01 00:05:00;3;True;[CAI_1.0=0.42][ESTAVEL=0.31][SOBE_1.0=0.36];<< NOT SAVED >>;['-batch-training', '-calc-rsi', '-normalize', '-no-tune', '-n-jobs=20', '-symbol-list=ETHUSDT,BNBUSDT,XRPUSDT,ADAUSDT,DOGEUSDT,SOLUSDT,TRXUSDT,DOTUSDT,MATICUSDT,LTCUSDT,BCHUSDT,AVAXUSDT,XLMUSDT,LINKUSDT,XMRUSDT,UNIUSDT,ATOMUSDT', '-interval-list=5m', '-estimator-list=knn', '-stop-loss-list=1.0', '-numeric-features=quote_asset_volume', '-regression-PnL-list=72', '-regression-times-list=0', '-start-train-date=2022-01-01', '-start-test-date=2023-01-01']
2023-10-18 11:57:03;ETHUSDT;5m;knn;repeatededitednearestneighbours;1.0;0;72;478.03;100.0;578.03;quote_asset_volume,ema_200p;;0.7;False;2022-01-01;2023-01-01 00:05:00;3;True;[CAI_1.0=0.27][ESTAVEL=0.69][SOBE_1.0=0.19];<< NOT SAVED >>;['-batch-training', '-calc-rsi', '-normalize', '-no-tune', '-n-jobs=20', '-symbol-list=ETHUSDT,BNBUSDT,XRPUSDT,ADAUSDT,DOGEUSDT,SOLUSDT,TRXUSDT,DOTUSDT,MATICUSDT,LTCUSDT,BCHUSDT,AVAXUSDT,XLMUSDT,LINKUSDT,XMRUSDT,UNIUSDT,ATOMUSDT', '-interval-list=5m', '-estimator-list=knn', '-stop-loss-list=1.0', '-numeric-features=quote_asset_volume', '-regression-PnL-list=72', '-regression-times-list=0', '-start-train-date=2022-01-01', '-start-test-date=2023-01-01']
2023-10-18 11:59:50;ETHUSDT;5m;knn;allknn;1.0;0;72;478.83;100.0;578.83;rsi,ema_200p;;0.7;False;2022-01-01;2023-01-01 00:05:00;3;True;[CAI_1.0=0.43][ESTAVEL=0.15][SOBE_1.0=0.43];<< NOT SAVED >>;['-batch-training', '-calc-rsi', '-normalize', '-no-tune', '-n-jobs=20', '-symbol-list=ETHUSDT,BNBUSDT,XRPUSDT,ADAUSDT,DOGEUSDT,SOLUSDT,TRXUSDT,DOTUSDT,MATICUSDT,LTCUSDT,BCHUSDT,AVAXUSDT,XLMUSDT,LINKUSDT,XMRUSDT,UNIUSDT,ATOMUSDT', '-interval-list=5m', '-estimator-list=knn', '-stop-loss-list=1.0', '-numeric-features=quote_asset_volume', '-regression-PnL-list=72', '-regression-times-list=0', '-start-train-date=2022-01-01', '-start-test-date=2023-01-01']
2023-10-18 12:04:00;ETHUSDT;5m;knn;instancehardnessthreshold;1.0;0;72;485.05;100.0;585.05;quote_asset_volume,ema_72p,ema_200p;;0.7;False;2022-01-01;2023-01-01 00:05:00;3;True;[CAI_1.0=0.41][ESTAVEL=0.26][SOBE_1.0=0.36];<< NOT SAVED >>;['-batch-training', '-calc-rsi', '-normalize', '-no-tune', '-n-jobs=20', '-symbol-list=ETHUSDT,BNBUSDT,XRPUSDT,ADAUSDT,DOGEUSDT,SOLUSDT,TRXUSDT,DOTUSDT,MATICUSDT,LTCUSDT,BCHUSDT,AVAXUSDT,XLMUSDT,LINKUSDT,XMRUSDT,UNIUSDT,ATOMUSDT', '-interval-list=5m', '-estimator-list=knn', '-stop-loss-list=1.0', '-numeric-features=quote_asset_volume', '-regression-PnL-list=72', '-regression-times-list=0', '-start-train-date=2022-01-01', '-start-test-date=2023-01-01']
2023-10-18 11:41:51;ETHUSDT;5m;knn;allknn;1.0;0;72;556.54;100.0;656.54;quote_asset_volume;;0.7;False;2022-01-01;2023-01-01 00:05:00;3;True;[CAI_1.0=0.40][ESTAVEL=0.39][SOBE_1.0=0.28];<< NOT SAVED >>;['-batch-training', '-calc-rsi', '-normalize', '-no-tune', '-n-jobs=20', '-symbol-list=ETHUSDT,BNBUSDT,XRPUSDT,ADAUSDT,DOGEUSDT,SOLUSDT,TRXUSDT,DOTUSDT,MATICUSDT,LTCUSDT,BCHUSDT,AVAXUSDT,XLMUSDT,LINKUSDT,XMRUSDT,UNIUSDT,ATOMUSDT', '-interval-list=5m', '-estimator-list=knn', '-stop-loss-list=1.0', '-numeric-features=quote_asset_volume', '-regression-PnL-list=72', '-regression-times-list=0', '-start-train-date=2022-01-01', '-start-test-date=2023-01-01']
2023-10-18 11:55:39;ETHUSDT;5m;knn;instancehardnessthreshold;1.0;0;72;567.16;100.0;667.16;quote_asset_volume,ema_72p;;0.7;False;2022-01-01;2023-01-01 00:05:00;3;True;[CAI_1.0=0.39][ESTAVEL=0.28][SOBE_1.0=0.42];<< NOT SAVED >>;['-batch-training', '-calc-rsi', '-normalize', '-no-tune', '-n-jobs=20', '-symbol-list=ETHUSDT,BNBUSDT,XRPUSDT,ADAUSDT,DOGEUSDT,SOLUSDT,TRXUSDT,DOTUSDT,MATICUSDT,LTCUSDT,BCHUSDT,AVAXUSDT,XLMUSDT,LINKUSDT,XMRUSDT,UNIUSDT,ATOMUSDT', '-interval-list=5m', '-estimator-list=knn', '-stop-loss-list=1.0', '-numeric-features=quote_asset_volume', '-regression-PnL-list=72', '-regression-times-list=0', '-start-train-date=2022-01-01', '-start-test-date=2023-01-01']
2023-10-18 12:05:53;ETHUSDT;5m;knn;allknn;1.0;0;72;573.36;100.0;673.36;rsi,ema_72p,ema_200p;;0.7;False;2022-01-01;2023-01-01 00:05:00;3;True;[CAI_1.0=0.47][ESTAVEL=0.13][SOBE_1.0=0.42];<< NOT SAVED >>;['-batch-training', '-calc-rsi', '-normalize', '-no-tune', '-n-jobs=20', '-symbol-list=ETHUSDT,BNBUSDT,XRPUSDT,ADAUSDT,DOGEUSDT,SOLUSDT,TRXUSDT,DOTUSDT,MATICUSDT,LTCUSDT,BCHUSDT,AVAXUSDT,XLMUSDT,LINKUSDT,XMRUSDT,UNIUSDT,ATOMUSDT', '-interval-list=5m', '-estimator-list=knn', '-stop-loss-list=1.0', '-numeric-features=quote_asset_volume', '-regression-PnL-list=72', '-regression-times-list=0', '-start-train-date=2022-01-01', '-start-test-date=2023-01-01']
2023-10-18 12:02:49;ETHUSDT;5m;knn;instancehardnessthreshold;1.0;0;72;584.54;100.0;684.54;quote_asset_volume,rsi,ema_200p;;0.7;False;2022-01-01;2023-01-01 00:05:00;3;True;[CAI_1.0=0.41][ESTAVEL=0.30][SOBE_1.0=0.41];<< NOT SAVED >>;['-batch-training', '-calc-rsi', '-normalize', '-no-tune', '-n-jobs=20', '-symbol-list=ETHUSDT,BNBUSDT,XRPUSDT,ADAUSDT,DOGEUSDT,SOLUSDT,TRXUSDT,DOTUSDT,MATICUSDT,LTCUSDT,BCHUSDT,AVAXUSDT,XLMUSDT,LINKUSDT,XMRUSDT,UNIUSDT,ATOMUSDT', '-interval-list=5m', '-estimator-list=knn', '-stop-loss-list=1.0', '-numeric-features=quote_asset_volume', '-regression-PnL-list=72', '-regression-times-list=0', '-start-train-date=2022-01-01', '-start-test-date=2023-01-01']
2023-10-18 11:56:14;ETHUSDT;5m;knn;allknn;1.0;0;72;626.87;100.0;726.87;quote_asset_volume,ema_72p;;0.7;False;2022-01-01;2023-01-01 00:05:00;3;True;[CAI_1.0=0.43][ESTAVEL=0.30][SOBE_1.0=0.36];<< NOT SAVED >>;['-batch-training', '-calc-rsi', '-normalize', '-no-tune', '-n-jobs=20', '-symbol-list=ETHUSDT,BNBUSDT,XRPUSDT,ADAUSDT,DOGEUSDT,SOLUSDT,TRXUSDT,DOTUSDT,MATICUSDT,LTCUSDT,BCHUSDT,AVAXUSDT,XLMUSDT,LINKUSDT,XMRUSDT,UNIUSDT,ATOMUSDT', '-interval-list=5m', '-estimator-list=knn', '-stop-loss-list=1.0', '-numeric-features=quote_asset_volume', '-regression-PnL-list=72', '-regression-times-list=0', '-start-train-date=2022-01-01', '-start-test-date=2023-01-01']
2023-10-18 11:54:50;ETHUSDT;5m;knn;repeatededitednearestneighbours;1.0;0;72;637.53;100.0;737.53;quote_asset_volume,rsi;;0.7;False;2022-01-01;2023-01-01 00:05:00;3;True;[CAI_1.0=0.16][ESTAVEL=0.88][SOBE_1.0=0.05];<< NOT SAVED >>;['-batch-training', '-calc-rsi', '-normalize', '-no-tune', '-n-jobs=20', '-symbol-list=ETHUSDT,BNBUSDT,XRPUSDT,ADAUSDT,DOGEUSDT,SOLUSDT,TRXUSDT,DOTUSDT,MATICUSDT,LTCUSDT,BCHUSDT,AVAXUSDT,XLMUSDT,LINKUSDT,XMRUSDT,UNIUSDT,ATOMUSDT', '-interval-list=5m', '-estimator-list=knn', '-stop-loss-list=1.0', '-numeric-features=quote_asset_volume', '-regression-PnL-list=72', '-regression-times-list=0', '-start-train-date=2022-01-01', '-start-test-date=2023-01-01']
2023-10-18 11:57:51;ETHUSDT;5m;knn;instancehardnessthreshold;1.0;0;72;671.49;100.0;771.49;rsi,ema_72p;;0.7;False;2022-01-01;2023-01-01 00:05:00;3;True;[CAI_1.0=0.42][ESTAVEL=0.19][SOBE_1.0=0.42];<< NOT SAVED >>;['-batch-training', '-calc-rsi', '-normalize', '-no-tune', '-n-jobs=20', '-symbol-list=ETHUSDT,BNBUSDT,XRPUSDT,ADAUSDT,DOGEUSDT,SOLUSDT,TRXUSDT,DOTUSDT,MATICUSDT,LTCUSDT,BCHUSDT,AVAXUSDT,XLMUSDT,LINKUSDT,XMRUSDT,UNIUSDT,ATOMUSDT', '-interval-list=5m', '-estimator-list=knn', '-stop-loss-list=1.0', '-numeric-features=quote_asset_volume', '-regression-PnL-list=72', '-regression-times-list=0', '-start-train-date=2022-01-01', '-start-test-date=2023-01-01']
2023-10-18 11:58:16;ETHUSDT;5m;knn;repeatededitednearestneighbours;1.0;0;72;671.61;100.0;771.61;rsi,ema_72p;;0.7;False;2022-01-01;2023-01-01 00:05:00;3;True;[CAI_1.0=0.43][ESTAVEL=0.15][SOBE_1.0=0.43];<< NOT SAVED >>;['-batch-training', '-calc-rsi', '-normalize', '-no-tune', '-n-jobs=20', '-symbol-list=ETHUSDT,BNBUSDT,XRPUSDT,ADAUSDT,DOGEUSDT,SOLUSDT,TRXUSDT,DOTUSDT,MATICUSDT,LTCUSDT,BCHUSDT,AVAXUSDT,XLMUSDT,LINKUSDT,XMRUSDT,UNIUSDT,ATOMUSDT', '-interval-list=5m', '-estimator-list=knn', '-stop-loss-list=1.0', '-numeric-features=quote_asset_volume', '-regression-PnL-list=72', '-regression-times-list=0', '-start-train-date=2022-01-01', '-start-test-date=2023-01-01']
2023-10-18 12:04:35;ETHUSDT;5m;knn;allknn;1.0;0;72;672.36;100.0;772.36;quote_asset_volume,ema_72p,ema_200p;;0.7;False;2022-01-01;2023-01-01 00:05:00;3;True;[CAI_1.0=0.44][ESTAVEL=0.28][SOBE_1.0=0.31];<< NOT SAVED >>;['-batch-training', '-calc-rsi', '-normalize', '-no-tune', '-n-jobs=20', '-symbol-list=ETHUSDT,BNBUSDT,XRPUSDT,ADAUSDT,DOGEUSDT,SOLUSDT,TRXUSDT,DOTUSDT,MATICUSDT,LTCUSDT,BCHUSDT,AVAXUSDT,XLMUSDT,LINKUSDT,XMRUSDT,UNIUSDT,ATOMUSDT', '-interval-list=5m', '-estimator-list=knn', '-stop-loss-list=1.0', '-numeric-features=quote_asset_volume', '-regression-PnL-list=72', '-regression-times-list=0', '-start-train-date=2022-01-01', '-start-test-date=2023-01-01']
2023-10-18 12:06:29;ETHUSDT;5m;knn;instancehardnessthreshold;1.0;0;72;738.11;100.0;838.11;quote_asset_volume,rsi,ema_72p,ema_200p;;0.7;False;2022-01-01;2023-01-01 00:05:00;3;True;[CAI_1.0=0.41][ESTAVEL=0.29][SOBE_1.0=0.36];<< NOT SAVED >>;['-batch-training', '-calc-rsi', '-normalize', '-no-tune', '-n-jobs=20', '-symbol-list=ETHUSDT,BNBUSDT,XRPUSDT,ADAUSDT,DOGEUSDT,SOLUSDT,TRXUSDT,DOTUSDT,MATICUSDT,LTCUSDT,BCHUSDT,AVAXUSDT,XLMUSDT,LINKUSDT,XMRUSDT,UNIUSDT,ATOMUSDT', '-interval-list=5m', '-estimator-list=knn', '-stop-loss-list=1.0', '-numeric-features=quote_asset_volume', '-regression-PnL-list=72', '-regression-times-list=0', '-start-train-date=2022-01-01', '-start-test-date=2023-01-01']
2023-10-18 11:54:34;ETHUSDT;5m;knn;instancehardnessthreshold;1.0;0;72;741.03;100.0;841.03;quote_asset_volume,rsi;;0.7;False;2022-01-01;2023-01-01 00:05:00;3;True;[CAI_1.0=0.40][ESTAVEL=0.36][SOBE_1.0=0.32];<< NOT SAVED >>;['-batch-training', '-calc-rsi', '-normalize', '-no-tune', '-n-jobs=20', '-symbol-list=ETHUSDT,BNBUSDT,XRPUSDT,ADAUSDT,DOGEUSDT,SOLUSDT,TRXUSDT,DOTUSDT,MATICUSDT,LTCUSDT,BCHUSDT,AVAXUSDT,XLMUSDT,LINKUSDT,XMRUSDT,UNIUSDT,ATOMUSDT', '-interval-list=5m', '-estimator-list=knn', '-stop-loss-list=1.0', '-numeric-features=quote_asset_volume', '-regression-PnL-list=72', '-regression-times-list=0', '-start-train-date=2022-01-01', '-start-test-date=2023-01-01']
2023-10-18 12:01:37;ETHUSDT;5m;knn;instancehardnessthreshold;1.0;0;72;946.41;100.0;1046.41;quote_asset_volume,rsi,ema_72p;;0.7;False;2022-01-01;2023-01-01 00:05:00;3;True;[CAI_1.0=0.39][ESTAVEL=0.30][SOBE_1.0=0.41];<< NOT SAVED >>;['-batch-training', '-calc-rsi', '-normalize', '-no-tune', '-n-jobs=20', '-symbol-list=ETHUSDT,BNBUSDT,XRPUSDT,ADAUSDT,DOGEUSDT,SOLUSDT,TRXUSDT,DOTUSDT,MATICUSDT,LTCUSDT,BCHUSDT,AVAXUSDT,XLMUSDT,LINKUSDT,XMRUSDT,UNIUSDT,ATOMUSDT', '-interval-list=5m', '-estimator-list=knn', '-stop-loss-list=1.0', '-numeric-features=quote_asset_volume', '-regression-PnL-list=72', '-regression-times-list=0', '-start-train-date=2022-01-01', '-start-test-date=2023-01-01']
2023-10-18 11:59:31;ETHUSDT;5m;knn;repeatededitednearestneighbours;1.0;0;72;973.18;100.0;1073.18;rsi,ema_200p;;0.7;False;2022-01-01;2023-01-01 00:05:00;3;True;[CAI_1.0=0.43][ESTAVEL=0.16][SOBE_1.0=0.43];<< NOT SAVED >>;['-batch-training', '-calc-rsi', '-normalize', '-no-tune', '-n-jobs=20', '-symbol-list=ETHUSDT,BNBUSDT,XRPUSDT,ADAUSDT,DOGEUSDT,SOLUSDT,TRXUSDT,DOTUSDT,MATICUSDT,LTCUSDT,BCHUSDT,AVAXUSDT,XLMUSDT,LINKUSDT,XMRUSDT,UNIUSDT,ATOMUSDT', '-interval-list=5m', '-estimator-list=knn', '-stop-loss-list=1.0', '-numeric-features=quote_asset_volume', '-regression-PnL-list=72', '-regression-times-list=0', '-start-train-date=2022-01-01', '-start-test-date=2023-01-01']
2023-10-18 12:05:33;ETHUSDT;5m;knn;repeatededitednearestneighbours;1.0;0;72;1071.72;100.0;1171.72;rsi,ema_72p,ema_200p;;0.7;False;2022-01-01;2023-01-01 00:05:00;3;True;[CAI_1.0=0.46][ESTAVEL=0.14][SOBE_1.0=0.41];<< NOT SAVED >>;['-batch-training', '-calc-rsi', '-normalize', '-no-tune', '-n-jobs=20', '-symbol-list=ETHUSDT,BNBUSDT,XRPUSDT,ADAUSDT,DOGEUSDT,SOLUSDT,TRXUSDT,DOTUSDT,MATICUSDT,LTCUSDT,BCHUSDT,AVAXUSDT,XLMUSDT,LINKUSDT,XMRUSDT,UNIUSDT,ATOMUSDT', '-interval-list=5m', '-estimator-list=knn', '-stop-loss-list=1.0', '-numeric-features=quote_asset_volume', '-regression-PnL-list=72', '-regression-times-list=0', '-start-train-date=2022-01-01', '-start-test-date=2023-01-01']
2023-10-18 11:41:20;ETHUSDT;5m;knn;instancehardnessthreshold;1.0;0;72;1193.7;100.0;1293.7;quote_asset_volume;;0.7;False;2022-01-01;2023-01-01 00:05:00;3;True;[CAI_1.0=0.38][ESTAVEL=0.32][SOBE_1.0=0.34];<< NOT SAVED >>;['-batch-training', '-calc-rsi', '-normalize', '-no-tune', '-n-jobs=20', '-symbol-list=ETHUSDT,BNBUSDT,XRPUSDT,ADAUSDT,DOGEUSDT,SOLUSDT,TRXUSDT,DOTUSDT,MATICUSDT,LTCUSDT,BCHUSDT,AVAXUSDT,XLMUSDT,LINKUSDT,XMRUSDT,UNIUSDT,ATOMUSDT', '-interval-list=5m', '-estimator-list=knn', '-stop-loss-list=1.0', '-numeric-features=quote_asset_volume', '-regression-PnL-list=72', '-regression-times-list=0', '-start-train-date=2022-01-01', '-start-test-date=2023-01-01']
2023-10-18 11:42:15;ETHUSDT;5m;knn;instancehardnessthreshold;1.0;0;72;1417.19;100.0;1517.19;rsi;;0.7;False;2022-01-01;2023-01-01 00:05:00;3;True;[CAI_1.0=0.39][ESTAVEL=0.25][SOBE_1.0=0.35];<< NOT SAVED >>;['-batch-training', '-calc-rsi', '-normalize', '-no-tune', '-n-jobs=20', '-symbol-list=ETHUSDT,BNBUSDT,XRPUSDT,ADAUSDT,DOGEUSDT,SOLUSDT,TRXUSDT,DOTUSDT,MATICUSDT,LTCUSDT,BCHUSDT,AVAXUSDT,XLMUSDT,LINKUSDT,XMRUSDT,UNIUSDT,ATOMUSDT', '-interval-list=5m', '-estimator-list=knn', '-stop-loss-list=1.0', '-numeric-features=quote_asset_volume', '-regression-PnL-list=72', '-regression-times-list=0', '-start-train-date=2022-01-01', '-start-test-date=2023-01-01']
2023-10-18 12:00:19;ETHUSDT;5m;knn;instancehardnessthreshold;1.0;0;72;1420.97;100.0;1520.97;ema_72p,ema_200p;;0.7;False;2022-01-01;2023-01-01 00:05:00;3;True;[CAI_1.0=0.43][ESTAVEL=0.18][SOBE_1.0=0.39];<< NOT SAVED >>;['-batch-training', '-calc-rsi', '-normalize', '-no-tune', '-n-jobs=20', '-symbol-list=ETHUSDT,BNBUSDT,XRPUSDT,ADAUSDT,DOGEUSDT,SOLUSDT,TRXUSDT,DOTUSDT,MATICUSDT,LTCUSDT,BCHUSDT,AVAXUSDT,XLMUSDT,LINKUSDT,XMRUSDT,UNIUSDT,ATOMUSDT', '-interval-list=5m', '-estimator-list=knn', '-stop-loss-list=1.0', '-numeric-features=quote_asset_volume', '-regression-PnL-list=72', '-regression-times-list=0', '-start-train-date=2022-01-01', '-start-test-date=2023-01-01']
2023-10-18 12:00:43;ETHUSDT;5m;knn;repeatededitednearestneighbours;1.0;0;72;2094.24;100.0;2194.24;ema_72p,ema_200p;;0.7;False;2022-01-01;2023-01-01 00:05:00;3;True;[CAI_1.0=0.44][ESTAVEL=0.16][SOBE_1.0=0.40];<< NOT SAVED >>;['-batch-training', '-calc-rsi', '-normalize', '-no-tune', '-n-jobs=20', '-symbol-list=ETHUSDT,BNBUSDT,XRPUSDT,ADAUSDT,DOGEUSDT,SOLUSDT,TRXUSDT,DOTUSDT,MATICUSDT,LTCUSDT,BCHUSDT,AVAXUSDT,XLMUSDT,LINKUSDT,XMRUSDT,UNIUSDT,ATOMUSDT', '-interval-list=5m', '-estimator-list=knn', '-stop-loss-list=1.0', '-numeric-features=quote_asset_volume', '-regression-PnL-list=72', '-regression-times-list=0', '-start-train-date=2022-01-01', '-start-test-date=2023-01-01']
2023-10-18 11:51:30;ETHUSDT;5m;knn;repeatededitednearestneighbours;1.0;0;72;2193.96;100.0;2293.96;rsi;;0.7;False;2022-01-01;2023-01-01 00:05:00;3;True;[CAI_1.0=0.40][ESTAVEL=0.29][SOBE_1.0=0.31];<< NOT SAVED >>;['-batch-training', '-calc-rsi', '-normalize', '-no-tune', '-n-jobs=20', '-symbol-list=ETHUSDT,BNBUSDT,XRPUSDT,ADAUSDT,DOGEUSDT,SOLUSDT,TRXUSDT,DOTUSDT,MATICUSDT,LTCUSDT,BCHUSDT,AVAXUSDT,XLMUSDT,LINKUSDT,XMRUSDT,UNIUSDT,ATOMUSDT', '-interval-list=5m', '-estimator-list=knn', '-stop-loss-list=1.0', '-numeric-features=quote_asset_volume', '-regression-PnL-list=72', '-regression-times-list=0', '-start-train-date=2022-01-01', '-start-test-date=2023-01-01']
2023-10-18 11:53:44;ETHUSDT;5m;knn;repeatededitednearestneighbours;1.0;0;72;2332.21;100.0;2432.21;ema_200p;;0.7;False;2022-01-01;2023-01-01 00:05:00;3;True;[CAI_1.0=0.40][ESTAVEL=0.17][SOBE_1.0=0.43];<< NOT SAVED >>;['-batch-training', '-calc-rsi', '-normalize', '-no-tune', '-n-jobs=20', '-symbol-list=ETHUSDT,BNBUSDT,XRPUSDT,ADAUSDT,DOGEUSDT,SOLUSDT,TRXUSDT,DOTUSDT,MATICUSDT,LTCUSDT,BCHUSDT,AVAXUSDT,XLMUSDT,LINKUSDT,XMRUSDT,UNIUSDT,ATOMUSDT', '-interval-list=5m', '-estimator-list=knn', '-stop-loss-list=1.0', '-numeric-features=quote_asset_volume', '-regression-PnL-list=72', '-regression-times-list=0', '-start-train-date=2022-01-01', '-start-test-date=2023-01-01']
2023-10-18 11:53:22;ETHUSDT;5m;knn;instancehardnessthreshold;1.0;0;72;2363.18;100.0;2463.18;ema_200p;;0.7;False;2022-01-01;2023-01-01 00:05:00;3;True;[CAI_1.0=0.39][ESTAVEL=0.18][SOBE_1.0=0.42];<< NOT SAVED >>;['-batch-training', '-calc-rsi', '-normalize', '-no-tune', '-n-jobs=20', '-symbol-list=ETHUSDT,BNBUSDT,XRPUSDT,ADAUSDT,DOGEUSDT,SOLUSDT,TRXUSDT,DOTUSDT,MATICUSDT,LTCUSDT,BCHUSDT,AVAXUSDT,XLMUSDT,LINKUSDT,XMRUSDT,UNIUSDT,ATOMUSDT', '-interval-list=5m', '-estimator-list=knn', '-stop-loss-list=1.0', '-numeric-features=quote_asset_volume', '-regression-PnL-list=72', '-regression-times-list=0', '-start-train-date=2022-01-01', '-start-test-date=2023-01-01']
2023-10-18 12:01:01;ETHUSDT;5m;knn;allknn;1.0;0;72;2372.72;100.0;2472.72;ema_72p,ema_200p;;0.7;False;2022-01-01;2023-01-01 00:05:00;3;True;[CAI_1.0=0.45][ESTAVEL=0.15][SOBE_1.0=0.41];<< NOT SAVED >>;['-batch-training', '-calc-rsi', '-normalize', '-no-tune', '-n-jobs=20', '-symbol-list=ETHUSDT,BNBUSDT,XRPUSDT,ADAUSDT,DOGEUSDT,SOLUSDT,TRXUSDT,DOTUSDT,MATICUSDT,LTCUSDT,BCHUSDT,AVAXUSDT,XLMUSDT,LINKUSDT,XMRUSDT,UNIUSDT,ATOMUSDT', '-interval-list=5m', '-estimator-list=knn', '-stop-loss-list=1.0', '-numeric-features=quote_asset_volume', '-regression-PnL-list=72', '-regression-times-list=0', '-start-train-date=2022-01-01', '-start-test-date=2023-01-01']
2023-10-18 11:54:01;ETHUSDT;5m;knn;allknn;1.0;0;72;2543.26;100.0;2643.26;ema_200p;;0.7;False;2022-01-01;2023-01-01 00:05:00;3;True;[CAI_1.0=0.40][ESTAVEL=0.16][SOBE_1.0=0.44];<< NOT SAVED >>;['-batch-training', '-calc-rsi', '-normalize', '-no-tune', '-n-jobs=20', '-symbol-list=ETHUSDT,BNBUSDT,XRPUSDT,ADAUSDT,DOGEUSDT,SOLUSDT,TRXUSDT,DOTUSDT,MATICUSDT,LTCUSDT,BCHUSDT,AVAXUSDT,XLMUSDT,LINKUSDT,XMRUSDT,UNIUSDT,ATOMUSDT', '-interval-list=5m', '-estimator-list=knn', '-stop-loss-list=1.0', '-numeric-features=quote_asset_volume', '-regression-PnL-list=72', '-regression-times-list=0', '-start-train-date=2022-01-01', '-start-test-date=2023-01-01']
2023-10-18 11:51:49;ETHUSDT;5m;knn;allknn;1.0;0;72;2624.53;100.0;2724.53;rsi;;0.7;False;2022-01-01;2023-01-01 00:05:00;3;True;[CAI_1.0=0.40][ESTAVEL=0.29][SOBE_1.0=0.31];<< NOT SAVED >>;['-batch-training', '-calc-rsi', '-normalize', '-no-tune', '-n-jobs=20', '-symbol-list=ETHUSDT,BNBUSDT,XRPUSDT,ADAUSDT,DOGEUSDT,SOLUSDT,TRXUSDT,DOTUSDT,MATICUSDT,LTCUSDT,BCHUSDT,AVAXUSDT,XLMUSDT,LINKUSDT,XMRUSDT,UNIUSDT,ATOMUSDT', '-interval-list=5m', '-estimator-list=knn', '-stop-loss-list=1.0', '-numeric-features=quote_asset_volume', '-regression-PnL-list=72', '-regression-times-list=0', '-start-train-date=2022-01-01', '-start-test-date=2023-01-01']
2023-10-18 11:52:39;ETHUSDT;5m;knn;repeatededitednearestneighbours;1.0;0;72;3762.85;100.0;3862.85;ema_72p;;0.7;False;2022-01-01;2023-01-01 00:05:00;3;True;[CAI_1.0=0.39][ESTAVEL=0.18][SOBE_1.0=0.44];<< NOT SAVED >>;['-batch-training', '-calc-rsi', '-normalize', '-no-tune', '-n-jobs=20', '-symbol-list=ETHUSDT,BNBUSDT,XRPUSDT,ADAUSDT,DOGEUSDT,SOLUSDT,TRXUSDT,DOTUSDT,MATICUSDT,LTCUSDT,BCHUSDT,AVAXUSDT,XLMUSDT,LINKUSDT,XMRUSDT,UNIUSDT,ATOMUSDT', '-interval-list=5m', '-estimator-list=knn', '-stop-loss-list=1.0', '-numeric-features=quote_asset_volume', '-regression-PnL-list=72', '-regression-times-list=0', '-start-train-date=2022-01-01', '-start-test-date=2023-01-01']
2023-10-18 11:52:16;ETHUSDT;5m;knn;instancehardnessthreshold;1.0;0;72;4045.59;100.0;4145.59;ema_72p;;0.7;False;2022-01-01;2023-01-01 00:05:00;3;True;[CAI_1.0=0.39][ESTAVEL=0.19][SOBE_1.0=0.43];<< NOT SAVED >>;['-batch-training', '-calc-rsi', '-normalize', '-no-tune', '-n-jobs=20', '-symbol-list=ETHUSDT,BNBUSDT,XRPUSDT,ADAUSDT,DOGEUSDT,SOLUSDT,TRXUSDT,DOTUSDT,MATICUSDT,LTCUSDT,BCHUSDT,AVAXUSDT,XLMUSDT,LINKUSDT,XMRUSDT,UNIUSDT,ATOMUSDT', '-interval-list=5m', '-estimator-list=knn', '-stop-loss-list=1.0', '-numeric-features=quote_asset_volume', '-regression-PnL-list=72', '-regression-times-list=0', '-start-train-date=2022-01-01', '-start-test-date=2023-01-01']
2023-10-18 11:52:57;ETHUSDT;5m;knn;allknn;1.0;0;72;4144.37;100.0;4244.37;ema_72p;;0.7;False;2022-01-01;2023-01-01 00:05:00;3;True;[CAI_1.0=0.39][ESTAVEL=0.16][SOBE_1.0=0.46];<< NOT SAVED >>;['-batch-training', '-calc-rsi', '-normalize', '-no-tune', '-n-jobs=20', '-symbol-list=ETHUSDT,BNBUSDT,XRPUSDT,ADAUSDT,DOGEUSDT,SOLUSDT,TRXUSDT,DOTUSDT,MATICUSDT,LTCUSDT,BCHUSDT,AVAXUSDT,XLMUSDT,LINKUSDT,XMRUSDT,UNIUSDT,ATOMUSDT', '-interval-list=5m', '-estimator-list=knn', '-stop-loss-list=1.0', '-numeric-features=quote_asset_volume', '-regression-PnL-list=72', '-regression-times-list=0', '-start-train-date=2022-01-01', '-start-test-date=2023-01-01']
