data;strategy;symbol;interval;estimator;imbalance_method;stop_loss;regression_times;times_regression_profit_and_loss;CAI;ESTAVEL;SOBE;max_score;numeric_features;regression_features;train_size;use-all-data-to-train;start_train_date;start_test_date;fold;no-tune;model_name;arguments;count_numeric_features
2023-10-26 14:29:49;CAI;ADAUSDT;1h;knn;allknn;1.5;0;24;0.6066;0.3258;0.1694;0.6066;quote_asset_volume,number_of_trades;;0.7;False;2017-11-01;2023-07-28 11:00:00;3;True;<< NOT SAVED >>;['-batch-training', '-calc-rsi', '-normalize', '-no-tune', '-n-jobs=20', '-symbol-list=BTCUSDT,ETHUSDT,BNBUSDT,XRPUSDT,ADAUSDT,DOGEUSDT,SOLUSDT,TRXUSDT,DOTUSDT,MATICUSDT,LTCUSDT,BCHUSDT,AVAXUSDT,XLMUSDT,LINKUSDT,XMRUSDT,UNIUSDT,ATOMUSDT', '-interval-list=1h', '-estimator-list=knn', '-stop-loss-list=1.5', '-numeric-features=volume,quote_asset_volume,number_of_trades,taker_buy_base_asset_volume,taker_buy_quote_asset_volume', '-regression-PnL-list=24', '-regression-times-list=0', '-start-train-date=2017-11-01', '-start-test-date=2023-07-01'];2
2023-10-30 03:49:08;CAI;ADAUSDT;1m;knn;instancehardnessthreshold;1.0;0;120;0.7626;0.0976;0.0955;0.7626;close,volume,quote_asset_volume,rsi;;0.7;False;2023-06-01;2023-08-01 03:34:00;3;True;<< NOT SAVED >>;['-batch-training', '-calc-rsi', '-normalize', '-no-tune', '-n-jobs=20', '-symbol-list=BTCUSDT,ETHUSDT,BNBUSDT,XRPUSDT,ADAUSDT,DOGEUSDT,SOLUSDT,TRXUSDT,DOTUSDT,MATICUSDT,LTCUSDT,BCHUSDT,AVAXUSDT,XLMUSDT,LINKUSDT,XMRUSDT,UNIUSDT,ATOMUSDT', '-interval-list=1m', '-estimator-list=knn', '-stop-loss-list=1.0', '-numeric-features=close,volume,quote_asset_volume,number_of_trades', '-regression-PnL-list=120', '-regression-times-list=0', '-start-train-date=2023-06-01', '-start-test-date=2023-07-01'];4
2023-10-30 03:47:56;SOBE;ADAUSDT;1m;knn;instancehardnessthreshold;1.0;0;120;0.0563;0.2185;0.6774;0.6774;close,ema_120p,ema_200p;;0.7;False;2023-06-01;2023-08-01 03:34:00;3;True;<< NOT SAVED >>;['-batch-training', '-calc-rsi', '-normalize', '-no-tune', '-n-jobs=20', '-symbol-list=BTCUSDT,ETHUSDT,BNBUSDT,XRPUSDT,ADAUSDT,DOGEUSDT,SOLUSDT,TRXUSDT,DOTUSDT,MATICUSDT,LTCUSDT,BCHUSDT,AVAXUSDT,XLMUSDT,LINKUSDT,XMRUSDT,UNIUSDT,ATOMUSDT', '-interval-list=1m', '-estimator-list=knn', '-stop-loss-list=1.0', '-numeric-features=close,volume,quote_asset_volume,number_of_trades', '-regression-PnL-list=120', '-regression-times-list=0', '-start-train-date=2023-06-01', '-start-test-date=2023-07-01'];3
2023-10-23 08:59:20;CAI;ADAUSDT;30m;knn;allknn;1.0;0;48;0.7361;0.1088;0.1757;0.7361;number_of_trades,taker_buy_base_asset_volume,ema_48p,ema_200p;;0.7;False;2020-10-01;2023-07-24 20:30:00;3;True;<< NOT SAVED >>;['-batch-training', '-calc-rsi', '-normalize', '-no-tune', '-n-jobs=20', '-verbose', '-symbol-list=BTCUSDT,ETHUSDT,BNBUSDT,XRPUSDT,ADAUSDT,DOGEUSDT,SOLUSDT,TRXUSDT,DOTUSDT,MATICUSDT,LTCUSDT,BCHUSDT,AVAXUSDT,XLMUSDT,LINKUSDT,XMRUSDT,UNIUSDT,ATOMUSDT', '-interval-list=30m', '-estimator-list=knn', '-stop-loss-list=1.0', '-numeric-features=volume,quote_asset_volume,number_of_trades,taker_buy_base_asset_volume,taker_buy_quote_asset_volume', '-regression-PnL-list=48', '-regression-times-list=0', '-start-train-date=2020-10-01', '-start-test-date=2023-07-01'];4
2023-10-23 06:52:57;SOBE;ADAUSDT;30m;knn;allknn;1.0;0;48;0.5499;0.0265;0.4683;0.5499;rsi;;0.7;False;2020-10-01;2023-07-24 20:30:00;3;True;<< NOT SAVED >>;['-batch-training', '-calc-rsi', '-normalize', '-no-tune', '-n-jobs=20', '-verbose', '-symbol-list=BTCUSDT,ETHUSDT,BNBUSDT,XRPUSDT,ADAUSDT,DOGEUSDT,SOLUSDT,TRXUSDT,DOTUSDT,MATICUSDT,LTCUSDT,BCHUSDT,AVAXUSDT,XLMUSDT,LINKUSDT,XMRUSDT,UNIUSDT,ATOMUSDT', '-interval-list=30m', '-estimator-list=knn', '-stop-loss-list=1.0', '-numeric-features=volume,quote_asset_volume,number_of_trades,taker_buy_base_asset_volume,taker_buy_quote_asset_volume', '-regression-PnL-list=48', '-regression-times-list=0', '-start-train-date=2020-10-01', '-start-test-date=2023-07-01'];1
2023-10-25 16:29:47;CAI;ATOMUSDT;15m;knn;allknn;1.0;0;60;0.5631;0.2033;0.291;0.5631;quote_asset_volume;;0.7;False;2022-02-01;2023-07-27 03:00:00;3;True;<< NOT SAVED >>;['-batch-training', '-calc-rsi', '-normalize', '-no-tune', '-n-jobs=20', '-symbol-list=BTCUSDT,ETHUSDT,BNBUSDT,XRPUSDT,ADAUSDT,DOGEUSDT,SOLUSDT,TRXUSDT,DOTUSDT,MATICUSDT,LTCUSDT,BCHUSDT,AVAXUSDT,XLMUSDT,LINKUSDT,XMRUSDT,UNIUSDT,ATOMUSDT', '-interval-list=15m', '-estimator-list=knn', '-stop-loss-list=1.0', '-numeric-features=volume,quote_asset_volume,number_of_trades,taker_buy_base_asset_volume,taker_buy_quote_asset_volume', '-regression-PnL-list=60', '-regression-times-list=0', '-start-train-date=2022-02-01', '-start-test-date=2023-07-01'];1
2023-10-25 16:41:52;SOBE;ATOMUSDT;15m;knn;repeatededitednearestneighbours;1.0;0;60;0.2545;0.0629;0.7341;0.7341;ema_60p,ema_200p;;0.7;False;2022-02-01;2023-07-27 03:00:00;3;True;<< NOT SAVED >>;['-batch-training', '-calc-rsi', '-normalize', '-no-tune', '-n-jobs=20', '-symbol-list=BTCUSDT,ETHUSDT,BNBUSDT,XRPUSDT,ADAUSDT,DOGEUSDT,SOLUSDT,TRXUSDT,DOTUSDT,MATICUSDT,LTCUSDT,BCHUSDT,AVAXUSDT,XLMUSDT,LINKUSDT,XMRUSDT,UNIUSDT,ATOMUSDT', '-interval-list=15m', '-estimator-list=knn', '-stop-loss-list=1.0', '-numeric-features=volume,quote_asset_volume,number_of_trades,taker_buy_base_asset_volume,taker_buy_quote_asset_volume', '-regression-PnL-list=60', '-regression-times-list=0', '-start-train-date=2022-02-01', '-start-test-date=2023-07-01'];2
2023-10-27 07:48:44;CAI;ATOMUSDT;1h;knn;allknn;1.5;0;24;0.6376;0.0721;0.3156;0.6376;number_of_trades;;0.7;False;2017-11-01;2023-07-28 21:00:00;3;True;<< NOT SAVED >>;['-batch-training', '-calc-rsi', '-normalize', '-no-tune', '-n-jobs=20', '-symbol-list=TRXUSDT,DOTUSDT,MATICUSDT,LTCUSDT,BCHUSDT,AVAXUSDT,XLMUSDT,LINKUSDT,XMRUSDT,UNIUSDT,ATOMUSDT', '-interval-list=1h', '-estimator-list=knn', '-stop-loss-list=1.5', '-numeric-features=volume,quote_asset_volume,number_of_trades,taker_buy_base_asset_volume,taker_buy_quote_asset_volume', '-regression-PnL-list=24', '-regression-times-list=0', '-start-train-date=2017-11-01', '-start-test-date=2023-07-01'];1
2023-10-24 02:17:39;CAI;ATOMUSDT;1m;knn;instancehardnessthreshold;1.0;0;120;0.7795;0.1451;0.0958;0.7795;quote_asset_volume,number_of_trades,taker_buy_base_asset_volume,ema_120p,ema_200p;;0.7;False;2023-06-01;2023-07-24 19:23:00;3;True;<< NOT SAVED >>;['-batch-training', '-calc-rsi', '-normalize', '-no-tune', '-n-jobs=20', '-symbol-list=BTCUSDT,ETHUSDT,BNBUSDT,XRPUSDT,ADAUSDT,DOGEUSDT,SOLUSDT,TRXUSDT,DOTUSDT,MATICUSDT,LTCUSDT,BCHUSDT,AVAXUSDT,XLMUSDT,LINKUSDT,XMRUSDT,UNIUSDT,ATOMUSDT', '-interval-list=1m', '-estimator-list=knn', '-stop-loss-list=1.0', '-numeric-features=volume,quote_asset_volume,number_of_trades,taker_buy_base_asset_volume,taker_buy_quote_asset_volume', '-regression-PnL-list=120', '-regression-times-list=0', '-start-train-date=2023-06-01', '-start-test-date=2023-07-01'];5
2023-10-24 02:56:07;SOBE;ATOMUSDT;1m;knn;repeatededitednearestneighbours;1.0;0;120;0.0;0.1946;0.9336;0.9336;volume,quote_asset_volume,number_of_trades,taker_buy_quote_asset_volume,rsi,ema_120p,ema_200p;;0.7;False;2023-06-01;2023-07-24 19:23:00;3;True;<< NOT SAVED >>;['-batch-training', '-calc-rsi', '-normalize', '-no-tune', '-n-jobs=20', '-symbol-list=BTCUSDT,ETHUSDT,BNBUSDT,XRPUSDT,ADAUSDT,DOGEUSDT,SOLUSDT,TRXUSDT,DOTUSDT,MATICUSDT,LTCUSDT,BCHUSDT,AVAXUSDT,XLMUSDT,LINKUSDT,XMRUSDT,UNIUSDT,ATOMUSDT', '-interval-list=1m', '-estimator-list=knn', '-stop-loss-list=1.0', '-numeric-features=volume,quote_asset_volume,number_of_trades,taker_buy_base_asset_volume,taker_buy_quote_asset_volume', '-regression-PnL-list=120', '-regression-times-list=0', '-start-train-date=2023-06-01', '-start-test-date=2023-07-01'];7
2023-10-25 15:35:48;CAI;ATOMUSDT;30m;knn;repeatededitednearestneighbours;1.0;0;48;0.7057;0.1405;0.1862;0.7057;quote_asset_volume,number_of_trades,taker_buy_base_asset_volume,ema_48p,ema_200p;;0.7;False;2020-10-01;2023-07-27 02:00:00;3;True;<< NOT SAVED >>;['-batch-training', '-calc-rsi', '-normalize', '-no-tune', '-n-jobs=20', '-verbose', '-symbol-list=BTCUSDT,ETHUSDT,BNBUSDT,XRPUSDT,ADAUSDT,DOGEUSDT,TRXUSDT,DOTUSDT,MATICUSDT,LTCUSDT,BCHUSDT,XLMUSDT,LINKUSDT,XMRUSDT,ATOMUSDT', '-interval-list=30m', '-estimator-list=knn', '-stop-loss-list=1.0', '-numeric-features=volume,quote_asset_volume,number_of_trades,taker_buy_base_asset_volume,taker_buy_quote_asset_volume', '-regression-PnL-list=48', '-regression-times-list=0', '-start-train-date=2020-10-01', '-start-test-date=2023-07-01'];5
2023-10-25 12:26:05;SOBE;ATOMUSDT;30m;knn;instancehardnessthreshold;1.0;0;48;0.3189;0.0913;0.559;0.559;ema_200p;;0.7;False;2020-10-01;2023-07-27 02:00:00;3;True;<< NOT SAVED >>;['-batch-training', '-calc-rsi', '-normalize', '-no-tune', '-n-jobs=20', '-verbose', '-symbol-list=BTCUSDT,ETHUSDT,BNBUSDT,XRPUSDT,ADAUSDT,DOGEUSDT,TRXUSDT,DOTUSDT,MATICUSDT,LTCUSDT,BCHUSDT,XLMUSDT,LINKUSDT,XMRUSDT,ATOMUSDT', '-interval-list=30m', '-estimator-list=knn', '-stop-loss-list=1.0', '-numeric-features=volume,quote_asset_volume,number_of_trades,taker_buy_base_asset_volume,taker_buy_quote_asset_volume', '-regression-PnL-list=48', '-regression-times-list=0', '-start-train-date=2020-10-01', '-start-test-date=2023-07-01'];1
2023-10-25 08:01:59;CAI;AVAXUSDT;15m;knn;allknn;1.0;0;60;0.5946;0.2648;0.226;0.5946;taker_buy_base_asset_volume;;0.7;False;2022-02-01;2023-07-27 03:00:00;3;True;<< NOT SAVED >>;['-batch-training', '-calc-rsi', '-normalize', '-no-tune', '-n-jobs=20', '-symbol-list=BTCUSDT,ETHUSDT,BNBUSDT,XRPUSDT,ADAUSDT,DOGEUSDT,SOLUSDT,TRXUSDT,DOTUSDT,MATICUSDT,LTCUSDT,BCHUSDT,AVAXUSDT,XLMUSDT,LINKUSDT,XMRUSDT,UNIUSDT,ATOMUSDT', '-interval-list=15m', '-estimator-list=knn', '-stop-loss-list=1.0', '-numeric-features=volume,quote_asset_volume,number_of_trades,taker_buy_base_asset_volume,taker_buy_quote_asset_volume', '-regression-PnL-list=60', '-regression-times-list=0', '-start-train-date=2022-02-01', '-start-test-date=2023-07-01'];1
2023-10-29 14:19:30;SOBE;AVAXUSDT;15m;knn;allknn;1.0;0;60;0.2787;0.0644;0.6227;0.6227;close,ema_60p,ema_200p;;0.7;False;2022-02-01;2023-07-31 12:15:00;3;True;<< NOT SAVED >>;['-batch-training', '-calc-rsi', '-normalize', '-no-tune', '-n-jobs=20', '-symbol-list=BTCUSDT,ETHUSDT,BNBUSDT,XRPUSDT,ADAUSDT,DOGEUSDT,SOLUSDT,TRXUSDT,DOTUSDT,MATICUSDT,LTCUSDT,BCHUSDT,AVAXUSDT,XLMUSDT,LINKUSDT,XMRUSDT,UNIUSDT,ATOMUSDT', '-interval-list=15m', '-estimator-list=knn', '-stop-loss-list=1.0', '-numeric-features=close,volume,quote_asset_volume,number_of_trades', '-regression-PnL-list=60', '-regression-times-list=0', '-start-train-date=2022-02-01', '-start-test-date=2023-07-01'];3
2023-10-28 14:07:54;CAI;AVAXUSDT;1h;knn;repeatededitednearestneighbours;1.5;0;24;0.7062;0.1059;0.2188;0.7062;close,volume,quote_asset_volume,ema_24p,ema_200p;;0.7;False;2017-11-01;2023-07-30 16:00:00;3;True;<< NOT SAVED >>;['-batch-training', '-calc-rsi', '-normalize', '-no-tune', '-n-jobs=20', '-symbol-list=BTCUSDT,ETHUSDT,BNBUSDT,XRPUSDT,ADAUSDT,DOGEUSDT,SOLUSDT,TRXUSDT,DOTUSDT,MATICUSDT,LTCUSDT,BCHUSDT,AVAXUSDT,XLMUSDT,LINKUSDT,XMRUSDT,UNIUSDT,ATOMUSDT', '-interval-list=1h', '-estimator-list=knn', '-stop-loss-list=1.5', '-numeric-features=close,volume,quote_asset_volume,number_of_trades', '-regression-PnL-list=24', '-regression-times-list=0', '-start-train-date=2017-11-01', '-start-test-date=2023-07-01'];5
2023-10-28 12:30:32;SOBE;AVAXUSDT;1h;knn;instancehardnessthreshold;1.5;0;24;0.5457;0.0051;0.5037;0.5457;close;;0.7;False;2017-11-01;2023-07-30 14:00:00;3;True;<< NOT SAVED >>;['-batch-training', '-calc-rsi', '-normalize', '-no-tune', '-n-jobs=20', '-symbol-list=BTCUSDT,ETHUSDT,BNBUSDT,XRPUSDT,ADAUSDT,DOGEUSDT,SOLUSDT,TRXUSDT,DOTUSDT,MATICUSDT,LTCUSDT,BCHUSDT,AVAXUSDT,XLMUSDT,LINKUSDT,XMRUSDT,UNIUSDT,ATOMUSDT', '-interval-list=1h', '-estimator-list=knn', '-stop-loss-list=1.5', '-numeric-features=close,quote_asset_volume,number_of_trades', '-regression-PnL-list=24', '-regression-times-list=0', '-start-train-date=2017-11-01', '-start-test-date=2023-07-01'];1
2023-10-30 08:50:38;CAI;AVAXUSDT;1m;knn;instancehardnessthreshold;1.0;0;120;0.8414;0.1115;0.0434;0.8414;close,quote_asset_volume,rsi;;0.7;False;2023-06-01;2023-08-01 03:35:00;3;True;<< NOT SAVED >>;['-batch-training', '-calc-rsi', '-normalize', '-no-tune', '-n-jobs=20', '-symbol-list=BTCUSDT,ETHUSDT,BNBUSDT,XRPUSDT,ADAUSDT,DOGEUSDT,SOLUSDT,TRXUSDT,DOTUSDT,MATICUSDT,LTCUSDT,BCHUSDT,AVAXUSDT,XLMUSDT,LINKUSDT,XMRUSDT,UNIUSDT,ATOMUSDT', '-interval-list=1m', '-estimator-list=knn', '-stop-loss-list=1.0', '-numeric-features=close,volume,quote_asset_volume,number_of_trades', '-regression-PnL-list=120', '-regression-times-list=0', '-start-train-date=2023-06-01', '-start-test-date=2023-07-01'];3
2023-10-30 08:43:51;SOBE;AVAXUSDT;1m;knn;allknn;1.0;0;120;0.0091;0.1369;0.9554;0.9554;close;;0.7;False;2023-06-01;2023-08-01 03:35:00;3;True;<< NOT SAVED >>;['-batch-training', '-calc-rsi', '-normalize', '-no-tune', '-n-jobs=20', '-symbol-list=BTCUSDT,ETHUSDT,BNBUSDT,XRPUSDT,ADAUSDT,DOGEUSDT,SOLUSDT,TRXUSDT,DOTUSDT,MATICUSDT,LTCUSDT,BCHUSDT,AVAXUSDT,XLMUSDT,LINKUSDT,XMRUSDT,UNIUSDT,ATOMUSDT', '-interval-list=1m', '-estimator-list=knn', '-stop-loss-list=1.0', '-numeric-features=close,volume,quote_asset_volume,number_of_trades', '-regression-PnL-list=120', '-regression-times-list=0', '-start-train-date=2023-06-01', '-start-test-date=2023-07-01'];1
2023-10-29 15:45:30;CAI;AVAXUSDT;30m;knn;allknn;1.5;0;48;0.5369;0.0491;0.4162;0.5369;close,rsi,ema_48p,ema_200p;;0.7;False;2020-10-01;2023-07-31 12:00:00;3;True;<< NOT SAVED >>;['-batch-training', '-calc-rsi', '-normalize', '-no-tune', '-n-jobs=20', '-symbol-list=BTCUSDT,ETHUSDT,BNBUSDT,XRPUSDT,ADAUSDT,DOGEUSDT,SOLUSDT,TRXUSDT,DOTUSDT,MATICUSDT,LTCUSDT,BCHUSDT,AVAXUSDT,XLMUSDT,LINKUSDT,XMRUSDT,UNIUSDT,ATOMUSDT', '-interval-list=30m', '-estimator-list=knn', '-stop-loss-list=1.5', '-numeric-features=close,volume,quote_asset_volume,number_of_trades', '-regression-PnL-list=48', '-regression-times-list=0', '-start-train-date=2020-10-01', '-start-test-date=2023-07-01'];4
2023-10-29 15:01:08;SOBE;AVAXUSDT;30m;knn;allknn;1.5;0;48;0.3785;0.0027;0.5098;0.5098;close,ema_48p;;0.7;False;2020-10-01;2023-07-31 12:00:00;3;True;<< NOT SAVED >>;['-batch-training', '-calc-rsi', '-normalize', '-no-tune', '-n-jobs=20', '-symbol-list=BTCUSDT,ETHUSDT,BNBUSDT,XRPUSDT,ADAUSDT,DOGEUSDT,SOLUSDT,TRXUSDT,DOTUSDT,MATICUSDT,LTCUSDT,BCHUSDT,AVAXUSDT,XLMUSDT,LINKUSDT,XMRUSDT,UNIUSDT,ATOMUSDT', '-interval-list=30m', '-estimator-list=knn', '-stop-loss-list=1.5', '-numeric-features=close,volume,quote_asset_volume,number_of_trades', '-regression-PnL-list=48', '-regression-times-list=0', '-start-train-date=2020-10-01', '-start-test-date=2023-07-01'];2
2023-10-25 06:57:20;CAI;BCHUSDT;15m;knn;allknn;1.0;0;60;0.764;0.0597;0.1848;0.764;volume,quote_asset_volume,number_of_trades,ema_60p;;0.7;False;2022-02-01;2023-07-27 03:00:00;3;True;<< NOT SAVED >>;['-batch-training', '-calc-rsi', '-normalize', '-no-tune', '-n-jobs=20', '-symbol-list=BTCUSDT,ETHUSDT,BNBUSDT,XRPUSDT,ADAUSDT,DOGEUSDT,SOLUSDT,TRXUSDT,DOTUSDT,MATICUSDT,LTCUSDT,BCHUSDT,AVAXUSDT,XLMUSDT,LINKUSDT,XMRUSDT,UNIUSDT,ATOMUSDT', '-interval-list=15m', '-estimator-list=knn', '-stop-loss-list=1.0', '-numeric-features=volume,quote_asset_volume,number_of_trades,taker_buy_base_asset_volume,taker_buy_quote_asset_volume', '-regression-PnL-list=60', '-regression-times-list=0', '-start-train-date=2022-02-01', '-start-test-date=2023-07-01'];4
2023-10-25 06:35:29;SOBE;BCHUSDT;15m;knn;repeatededitednearestneighbours;1.0;0;60;0.3929;0.0066;0.6031;0.6031;ema_60p,ema_200p;;0.7;False;2022-02-01;2023-07-27 03:00:00;3;True;<< NOT SAVED >>;['-batch-training', '-calc-rsi', '-normalize', '-no-tune', '-n-jobs=20', '-symbol-list=BTCUSDT,ETHUSDT,BNBUSDT,XRPUSDT,ADAUSDT,DOGEUSDT,SOLUSDT,TRXUSDT,DOTUSDT,MATICUSDT,LTCUSDT,BCHUSDT,AVAXUSDT,XLMUSDT,LINKUSDT,XMRUSDT,UNIUSDT,ATOMUSDT', '-interval-list=15m', '-estimator-list=knn', '-stop-loss-list=1.0', '-numeric-features=volume,quote_asset_volume,number_of_trades,taker_buy_base_asset_volume,taker_buy_quote_asset_volume', '-regression-PnL-list=60', '-regression-times-list=0', '-start-train-date=2022-02-01', '-start-test-date=2023-07-01'];2
2023-10-30 08:13:30;CAI;BCHUSDT;1m;knn;repeatededitednearestneighbours;1.0;0;120;0.8031;0.0029;0.1837;0.8031;close,volume,ema_200p;;0.7;False;2023-06-01;2023-08-01 03:35:00;3;True;<< NOT SAVED >>;['-batch-training', '-calc-rsi', '-normalize', '-no-tune', '-n-jobs=20', '-symbol-list=BTCUSDT,ETHUSDT,BNBUSDT,XRPUSDT,ADAUSDT,DOGEUSDT,SOLUSDT,TRXUSDT,DOTUSDT,MATICUSDT,LTCUSDT,BCHUSDT,AVAXUSDT,XLMUSDT,LINKUSDT,XMRUSDT,UNIUSDT,ATOMUSDT', '-interval-list=1m', '-estimator-list=knn', '-stop-loss-list=1.0', '-numeric-features=close,volume,quote_asset_volume,number_of_trades', '-regression-PnL-list=120', '-regression-times-list=0', '-start-train-date=2023-06-01', '-start-test-date=2023-07-01'];3
2023-10-30 08:15:34;SOBE;BCHUSDT;1m;knn;repeatededitednearestneighbours;1.0;0;120;0.0026;0.1728;0.8347;0.8347;close,quote_asset_volume,ema_200p;;0.7;False;2023-06-01;2023-08-01 03:35:00;3;True;<< NOT SAVED >>;['-batch-training', '-calc-rsi', '-normalize', '-no-tune', '-n-jobs=20', '-symbol-list=BTCUSDT,ETHUSDT,BNBUSDT,XRPUSDT,ADAUSDT,DOGEUSDT,SOLUSDT,TRXUSDT,DOTUSDT,MATICUSDT,LTCUSDT,BCHUSDT,AVAXUSDT,XLMUSDT,LINKUSDT,XMRUSDT,UNIUSDT,ATOMUSDT', '-interval-list=1m', '-estimator-list=knn', '-stop-loss-list=1.0', '-numeric-features=close,volume,quote_asset_volume,number_of_trades', '-regression-PnL-list=120', '-regression-times-list=0', '-start-train-date=2023-06-01', '-start-test-date=2023-07-01'];3
2023-10-24 05:11:51;CAI;BCHUSDT;30m;knn;allknn;1.0;0;48;0.6385;0.0;0.3229;0.6385;number_of_trades,taker_buy_base_asset_volume,ema_48p,ema_200p;;0.7;False;2020-10-01;2023-07-25 18:00:00;3;True;<< NOT SAVED >>;['-batch-training', '-calc-rsi', '-normalize', '-no-tune', '-n-jobs=20', '-verbose', '-symbol-list=BTCUSDT,ETHUSDT,BNBUSDT,XRPUSDT,ADAUSDT,DOGEUSDT,TRXUSDT,DOTUSDT,MATICUSDT,LTCUSDT,BCHUSDT,AVAXUSDT,XLMUSDT,LINKUSDT,XMRUSDT,UNIUSDT,ATOMUSDT', '-interval-list=30m', '-estimator-list=knn', '-stop-loss-list=1.0', '-numeric-features=volume,quote_asset_volume,number_of_trades,taker_buy_base_asset_volume,taker_buy_quote_asset_volume', '-regression-PnL-list=48', '-regression-times-list=0', '-start-train-date=2020-10-01', '-start-test-date=2023-07-01'];4
2023-10-24 03:42:28;SOBE;BCHUSDT;30m;knn;repeatededitednearestneighbours;1.0;0;48;0.3404;0.1208;0.5597;0.5597;volume,rsi,ema_48p;;0.7;False;2020-10-01;2023-07-25 18:00:00;3;True;<< NOT SAVED >>;['-batch-training', '-calc-rsi', '-normalize', '-no-tune', '-n-jobs=20', '-verbose', '-symbol-list=BTCUSDT,ETHUSDT,BNBUSDT,XRPUSDT,ADAUSDT,DOGEUSDT,TRXUSDT,DOTUSDT,MATICUSDT,LTCUSDT,BCHUSDT,AVAXUSDT,XLMUSDT,LINKUSDT,XMRUSDT,UNIUSDT,ATOMUSDT', '-interval-list=30m', '-estimator-list=knn', '-stop-loss-list=1.0', '-numeric-features=volume,quote_asset_volume,number_of_trades,taker_buy_base_asset_volume,taker_buy_quote_asset_volume', '-regression-PnL-list=48', '-regression-times-list=0', '-start-train-date=2020-10-01', '-start-test-date=2023-07-01'];3
2023-10-28 03:00:29;CAI;BNBUSDT;1h;knn;instancehardnessthreshold;1.5;0;24;0.7212;0.1588;0.0816;0.7212;close,number_of_trades,ema_24p;;0.7;False;2017-11-01;2023-07-30 02:00:00;3;True;<< NOT SAVED >>;['-batch-training', '-calc-rsi', '-normalize', '-no-tune', '-n-jobs=20', '-symbol-list=BTCUSDT,ETHUSDT,BNBUSDT,XRPUSDT,ADAUSDT,DOGEUSDT,SOLUSDT,TRXUSDT,DOTUSDT,MATICUSDT,LTCUSDT,BCHUSDT,AVAXUSDT,XLMUSDT,LINKUSDT,XMRUSDT,UNIUSDT,ATOMUSDT', '-interval-list=1h', '-estimator-list=knn', '-stop-loss-list=1.5', '-numeric-features=close,volume,quote_asset_volume,number_of_trades,taker_buy_base_asset_volume,taker_buy_quote_asset_volume', '-regression-PnL-list=24', '-regression-times-list=0', '-start-train-date=2017-11-01', '-start-test-date=2023-07-01'];3
2023-10-28 03:04:25;SOBE;BNBUSDT;1h;knn;instancehardnessthreshold;1.5;0;24;0.3197;0.0296;0.5268;0.5268;close,ema_24p,ema_200p;;0.7;False;2017-11-01;2023-07-30 02:00:00;3;True;<< NOT SAVED >>;['-batch-training', '-calc-rsi', '-normalize', '-no-tune', '-n-jobs=20', '-symbol-list=BTCUSDT,ETHUSDT,BNBUSDT,XRPUSDT,ADAUSDT,DOGEUSDT,SOLUSDT,TRXUSDT,DOTUSDT,MATICUSDT,LTCUSDT,BCHUSDT,AVAXUSDT,XLMUSDT,LINKUSDT,XMRUSDT,UNIUSDT,ATOMUSDT', '-interval-list=1h', '-estimator-list=knn', '-stop-loss-list=1.5', '-numeric-features=close,volume,quote_asset_volume,number_of_trades,taker_buy_base_asset_volume,taker_buy_quote_asset_volume', '-regression-PnL-list=24', '-regression-times-list=0', '-start-train-date=2017-11-01', '-start-test-date=2023-07-01'];3
2023-10-30 02:22:56;CAI;BNBUSDT;1m;knn;instancehardnessthreshold;1.0;0;120;0.6379;0.1464;0.1648;0.6379;close,number_of_trades,rsi;;0.7;False;2023-06-01;2023-08-01 03:34:00;3;True;<< NOT SAVED >>;['-batch-training', '-calc-rsi', '-normalize', '-no-tune', '-n-jobs=20', '-symbol-list=BTCUSDT,ETHUSDT,BNBUSDT,XRPUSDT,ADAUSDT,DOGEUSDT,SOLUSDT,TRXUSDT,DOTUSDT,MATICUSDT,LTCUSDT,BCHUSDT,AVAXUSDT,XLMUSDT,LINKUSDT,XMRUSDT,UNIUSDT,ATOMUSDT', '-interval-list=1m', '-estimator-list=knn', '-stop-loss-list=1.0', '-numeric-features=close,volume,quote_asset_volume,number_of_trades', '-regression-PnL-list=120', '-regression-times-list=0', '-start-train-date=2023-06-01', '-start-test-date=2023-07-01'];3
2023-10-22 07:48:41;SOBE;BNBUSDT;1m;knn;instancehardnessthreshold;1.0;0;120;0.0399;0.2373;0.8649;0.8649;taker_buy_base_asset_volume,taker_buy_quote_asset_volume,ema_120p,ema_200p;;0.7;False;2023-06-01;2023-07-24 04:01:00;3;True;<< NOT SAVED >>;['-batch-training', '-calc-rsi', '-normalize', '-no-tune', '-n-jobs=20', '-symbol-list=BTCUSDT,ETHUSDT,BNBUSDT,XRPUSDT,ADAUSDT,DOGEUSDT,SOLUSDT,TRXUSDT,DOTUSDT,MATICUSDT,LTCUSDT,BCHUSDT,AVAXUSDT,XLMUSDT,LINKUSDT,XMRUSDT,UNIUSDT,ATOMUSDT', '-interval-list=1m', '-estimator-list=knn', '-stop-loss-list=1.0', '-numeric-features=volume,quote_asset_volume,number_of_trades,taker_buy_base_asset_volume,taker_buy_quote_asset_volume', '-regression-PnL-list=120', '-regression-times-list=0', '-start-train-date=2023-06-01', '-start-test-date=2023-07-01'];4
2023-10-22 23:24:00;CAI;BNBUSDT;30m;knn;allknn;1.0;0;48;0.5351;0.1325;0.4239;0.5351;rsi;;0.7;False;2020-10-01;2023-07-24 20:30:00;3;True;<< NOT SAVED >>;['-batch-training', '-calc-rsi', '-normalize', '-no-tune', '-n-jobs=20', '-verbose', '-symbol-list=BTCUSDT,ETHUSDT,BNBUSDT,XRPUSDT,ADAUSDT,DOGEUSDT,SOLUSDT,TRXUSDT,DOTUSDT,MATICUSDT,LTCUSDT,BCHUSDT,AVAXUSDT,XLMUSDT,LINKUSDT,XMRUSDT,UNIUSDT,ATOMUSDT', '-interval-list=30m', '-estimator-list=knn', '-stop-loss-list=1.0', '-numeric-features=volume,quote_asset_volume,number_of_trades,taker_buy_base_asset_volume,taker_buy_quote_asset_volume', '-regression-PnL-list=48', '-regression-times-list=0', '-start-train-date=2020-10-01', '-start-test-date=2023-07-01'];1
2023-10-22 23:45:51;SOBE;BNBUSDT;30m;knn;instancehardnessthreshold;1.0;0;48;0.2268;0.2434;0.5386;0.5386;ema_48p,ema_200p;;0.7;False;2020-10-01;2023-07-24 20:30:00;3;True;<< NOT SAVED >>;['-batch-training', '-calc-rsi', '-normalize', '-no-tune', '-n-jobs=20', '-verbose', '-symbol-list=BTCUSDT,ETHUSDT,BNBUSDT,XRPUSDT,ADAUSDT,DOGEUSDT,SOLUSDT,TRXUSDT,DOTUSDT,MATICUSDT,LTCUSDT,BCHUSDT,AVAXUSDT,XLMUSDT,LINKUSDT,XMRUSDT,UNIUSDT,ATOMUSDT', '-interval-list=30m', '-estimator-list=knn', '-stop-loss-list=1.0', '-numeric-features=volume,quote_asset_volume,number_of_trades,taker_buy_base_asset_volume,taker_buy_quote_asset_volume', '-regression-PnL-list=48', '-regression-times-list=0', '-start-train-date=2020-10-01', '-start-test-date=2023-07-01'];2
2023-10-30 01:19:22;CAI;BTCUSDT;1m;knn;instancehardnessthreshold;1.0;0;120;0.6479;0.2093;0.0354;0.6479;close,volume,quote_asset_volume,number_of_trades,rsi;;0.7;False;2023-06-01;2023-08-01 03:33:00;3;True;<< NOT SAVED >>;['-batch-training', '-calc-rsi', '-normalize', '-no-tune', '-n-jobs=20', '-symbol-list=BTCUSDT,ETHUSDT,BNBUSDT,XRPUSDT,ADAUSDT,DOGEUSDT,SOLUSDT,TRXUSDT,DOTUSDT,MATICUSDT,LTCUSDT,BCHUSDT,AVAXUSDT,XLMUSDT,LINKUSDT,XMRUSDT,UNIUSDT,ATOMUSDT', '-interval-list=1m', '-estimator-list=knn', '-stop-loss-list=1.0', '-numeric-features=close,volume,quote_asset_volume,number_of_trades', '-regression-PnL-list=120', '-regression-times-list=0', '-start-train-date=2023-06-01', '-start-test-date=2023-07-01'];5
2023-10-22 02:22:30;SOBE;BTCUSDT;1m;knn;instancehardnessthreshold;1.0;0;120;0.003;0.3808;0.7023;0.7023;volume,rsi,ema_120p,ema_200p;;0.7;False;2023-06-01;2023-07-24 04:00:00;3;True;<< NOT SAVED >>;['-batch-training', '-calc-rsi', '-normalize', '-no-tune', '-n-jobs=20', '-symbol-list=BTCUSDT,ETHUSDT,BNBUSDT,XRPUSDT,ADAUSDT,DOGEUSDT,SOLUSDT,TRXUSDT,DOTUSDT,MATICUSDT,LTCUSDT,BCHUSDT,AVAXUSDT,XLMUSDT,LINKUSDT,XMRUSDT,UNIUSDT,ATOMUSDT', '-interval-list=1m', '-estimator-list=knn', '-stop-loss-list=1.0', '-numeric-features=volume,quote_asset_volume,number_of_trades,taker_buy_base_asset_volume,taker_buy_quote_asset_volume', '-regression-PnL-list=120', '-regression-times-list=0', '-start-train-date=2023-06-01', '-start-test-date=2023-07-01'];4
2023-10-26 18:47:07;CAI;BTCUSDT;30m;knn;allknn;1.5;0;48;0.5101;0.2029;0.372;0.5101;taker_buy_base_asset_volume;;0.7;False;2020-10-01;2023-07-28 21:30:00;3;True;<< NOT SAVED >>;['-batch-training', '-calc-rsi', '-normalize', '-no-tune', '-n-jobs=20', '-symbol-list=BTCUSDT,ETHUSDT,BNBUSDT,XRPUSDT,ADAUSDT,DOGEUSDT,SOLUSDT,TRXUSDT,DOTUSDT,MATICUSDT,LTCUSDT,BCHUSDT,AVAXUSDT,XLMUSDT,LINKUSDT,XMRUSDT,UNIUSDT,ATOMUSDT', '-interval-list=30m', '-estimator-list=knn', '-stop-loss-list=1.5', '-numeric-features=volume,quote_asset_volume,number_of_trades,taker_buy_base_asset_volume,taker_buy_quote_asset_volume', '-regression-PnL-list=48', '-regression-times-list=0', '-start-train-date=2020-10-01', '-start-test-date=2023-07-01'];1
2023-10-30 04:43:02;CAI;DOGEUSDT;1m;knn;instancehardnessthreshold;1.0;0;120;0.7734;0.0314;0.1714;0.7734;close,volume,quote_asset_volume,number_of_trades,rsi;;0.7;False;2023-06-01;2023-08-01 03:34:00;3;True;<< NOT SAVED >>;['-batch-training', '-calc-rsi', '-normalize', '-no-tune', '-n-jobs=20', '-symbol-list=BTCUSDT,ETHUSDT,BNBUSDT,XRPUSDT,ADAUSDT,DOGEUSDT,SOLUSDT,TRXUSDT,DOTUSDT,MATICUSDT,LTCUSDT,BCHUSDT,AVAXUSDT,XLMUSDT,LINKUSDT,XMRUSDT,UNIUSDT,ATOMUSDT', '-interval-list=1m', '-estimator-list=knn', '-stop-loss-list=1.0', '-numeric-features=close,volume,quote_asset_volume,number_of_trades', '-regression-PnL-list=120', '-regression-times-list=0', '-start-train-date=2023-06-01', '-start-test-date=2023-07-01'];5
2023-10-22 17:29:34;SOBE;DOGEUSDT;1m;knn;repeatededitednearestneighbours;1.0;0;120;0.0007;0.6325;0.5619;0.5619;taker_buy_base_asset_volume,rsi,ema_200p;;0.7;False;2023-06-01;2023-07-24 19:22:00;3;True;<< NOT SAVED >>;['-batch-training', '-calc-rsi', '-normalize', '-no-tune', '-n-jobs=20', '-symbol-list=BTCUSDT,ETHUSDT,BNBUSDT,XRPUSDT,ADAUSDT,DOGEUSDT,SOLUSDT,TRXUSDT,DOTUSDT,MATICUSDT,LTCUSDT,BCHUSDT,AVAXUSDT,XLMUSDT,LINKUSDT,XMRUSDT,UNIUSDT,ATOMUSDT', '-interval-list=1m', '-estimator-list=knn', '-stop-loss-list=1.0', '-numeric-features=volume,quote_asset_volume,number_of_trades,taker_buy_base_asset_volume,taker_buy_quote_asset_volume', '-regression-PnL-list=120', '-regression-times-list=0', '-start-train-date=2023-06-01', '-start-test-date=2023-07-01'];3
2023-10-23 10:47:15;CAI;DOGEUSDT;30m;knn;allknn;1.0;0;48;0.5917;0.0903;0.3432;0.5917;taker_buy_base_asset_volume;;0.7;False;2020-10-01;2023-07-24 20:30:00;3;True;<< NOT SAVED >>;['-batch-training', '-calc-rsi', '-normalize', '-no-tune', '-n-jobs=20', '-verbose', '-symbol-list=BTCUSDT,ETHUSDT,BNBUSDT,XRPUSDT,ADAUSDT,DOGEUSDT,SOLUSDT,TRXUSDT,DOTUSDT,MATICUSDT,LTCUSDT,BCHUSDT,AVAXUSDT,XLMUSDT,LINKUSDT,XMRUSDT,UNIUSDT,ATOMUSDT', '-interval-list=30m', '-estimator-list=knn', '-stop-loss-list=1.0', '-numeric-features=volume,quote_asset_volume,number_of_trades,taker_buy_base_asset_volume,taker_buy_quote_asset_volume', '-regression-PnL-list=48', '-regression-times-list=0', '-start-train-date=2020-10-01', '-start-test-date=2023-07-01'];1
2023-10-23 11:53:19;SOBE;DOGEUSDT;30m;knn;allknn;1.0;0;48;0.3919;0.1157;0.5346;0.5346;taker_buy_base_asset_volume,taker_buy_quote_asset_volume,ema_200p;;0.7;False;2020-10-01;2023-07-24 20:30:00;3;True;<< NOT SAVED >>;['-batch-training', '-calc-rsi', '-normalize', '-no-tune', '-n-jobs=20', '-verbose', '-symbol-list=BTCUSDT,ETHUSDT,BNBUSDT,XRPUSDT,ADAUSDT,DOGEUSDT,SOLUSDT,TRXUSDT,DOTUSDT,MATICUSDT,LTCUSDT,BCHUSDT,AVAXUSDT,XLMUSDT,LINKUSDT,XMRUSDT,UNIUSDT,ATOMUSDT', '-interval-list=30m', '-estimator-list=knn', '-stop-loss-list=1.0', '-numeric-features=volume,quote_asset_volume,number_of_trades,taker_buy_base_asset_volume,taker_buy_quote_asset_volume', '-regression-PnL-list=48', '-regression-times-list=0', '-start-train-date=2020-10-01', '-start-test-date=2023-07-01'];3
2023-10-25 01:56:34;CAI;DOTUSDT;15m;knn;allknn;1.0;0;60;0.5352;0.3631;0.1247;0.5352;taker_buy_base_asset_volume,taker_buy_quote_asset_volume,rsi;;0.7;False;2022-02-01;2023-07-27 03:00:00;3;True;<< NOT SAVED >>;['-batch-training', '-calc-rsi', '-normalize', '-no-tune', '-n-jobs=20', '-symbol-list=BTCUSDT,ETHUSDT,BNBUSDT,XRPUSDT,ADAUSDT,DOGEUSDT,SOLUSDT,TRXUSDT,DOTUSDT,MATICUSDT,LTCUSDT,BCHUSDT,AVAXUSDT,XLMUSDT,LINKUSDT,XMRUSDT,UNIUSDT,ATOMUSDT', '-interval-list=15m', '-estimator-list=knn', '-stop-loss-list=1.0', '-numeric-features=volume,quote_asset_volume,number_of_trades,taker_buy_base_asset_volume,taker_buy_quote_asset_volume', '-regression-PnL-list=60', '-regression-times-list=0', '-start-train-date=2022-02-01', '-start-test-date=2023-07-01'];3
2023-10-29 12:41:25;SOBE;DOTUSDT;15m;knn;repeatededitednearestneighbours;1.0;0;60;0.2792;0.1316;0.6132;0.6132;close,ema_60p,ema_200p;;0.7;False;2022-02-01;2023-07-31 12:15:00;3;True;<< NOT SAVED >>;['-batch-training', '-calc-rsi', '-normalize', '-no-tune', '-n-jobs=20', '-symbol-list=BTCUSDT,ETHUSDT,BNBUSDT,XRPUSDT,ADAUSDT,DOGEUSDT,SOLUSDT,TRXUSDT,DOTUSDT,MATICUSDT,LTCUSDT,BCHUSDT,AVAXUSDT,XLMUSDT,LINKUSDT,XMRUSDT,UNIUSDT,ATOMUSDT', '-interval-list=15m', '-estimator-list=knn', '-stop-loss-list=1.0', '-numeric-features=close,volume,quote_asset_volume,number_of_trades', '-regression-PnL-list=60', '-regression-times-list=0', '-start-train-date=2022-02-01', '-start-test-date=2023-07-01'];3
2023-10-28 11:59:38;SOBE;DOTUSDT;1h;knn;instancehardnessthreshold;1.5;0;24;0.1702;0.3093;0.5483;0.5483;close,quote_asset_volume,ema_24p,ema_200p;;0.7;False;2017-11-01;2023-07-30 14:00:00;3;True;<< NOT SAVED >>;['-batch-training', '-calc-rsi', '-normalize', '-no-tune', '-n-jobs=20', '-symbol-list=BTCUSDT,ETHUSDT,BNBUSDT,XRPUSDT,ADAUSDT,DOGEUSDT,SOLUSDT,TRXUSDT,DOTUSDT,MATICUSDT,LTCUSDT,BCHUSDT,AVAXUSDT,XLMUSDT,LINKUSDT,XMRUSDT,UNIUSDT,ATOMUSDT', '-interval-list=1h', '-estimator-list=knn', '-stop-loss-list=1.5', '-numeric-features=close,quote_asset_volume,number_of_trades', '-regression-PnL-list=24', '-regression-times-list=0', '-start-train-date=2017-11-01', '-start-test-date=2023-07-01'];4
2023-10-30 06:33:46;CAI;DOTUSDT;1m;knn;instancehardnessthreshold;1.0;0;120;0.7964;0.0701;0.122;0.7964;close,quote_asset_volume,rsi,ema_120p;;0.7;False;2023-06-01;2023-08-01 03:34:00;3;True;<< NOT SAVED >>;['-batch-training', '-calc-rsi', '-normalize', '-no-tune', '-n-jobs=20', '-symbol-list=BTCUSDT,ETHUSDT,BNBUSDT,XRPUSDT,ADAUSDT,DOGEUSDT,SOLUSDT,TRXUSDT,DOTUSDT,MATICUSDT,LTCUSDT,BCHUSDT,AVAXUSDT,XLMUSDT,LINKUSDT,XMRUSDT,UNIUSDT,ATOMUSDT', '-interval-list=1m', '-estimator-list=knn', '-stop-loss-list=1.0', '-numeric-features=close,volume,quote_asset_volume,number_of_trades', '-regression-PnL-list=120', '-regression-times-list=0', '-start-train-date=2023-06-01', '-start-test-date=2023-07-01'];4
2023-10-30 06:25:50;SOBE;DOTUSDT;1m;knn;instancehardnessthreshold;1.0;0;120;0.0034;0.1414;0.9437;0.9437;close,ema_120p,ema_200p;;0.7;False;2023-06-01;2023-08-01 03:34:00;3;True;<< NOT SAVED >>;['-batch-training', '-calc-rsi', '-normalize', '-no-tune', '-n-jobs=20', '-symbol-list=BTCUSDT,ETHUSDT,BNBUSDT,XRPUSDT,ADAUSDT,DOGEUSDT,SOLUSDT,TRXUSDT,DOTUSDT,MATICUSDT,LTCUSDT,BCHUSDT,AVAXUSDT,XLMUSDT,LINKUSDT,XMRUSDT,UNIUSDT,ATOMUSDT', '-interval-list=1m', '-estimator-list=knn', '-stop-loss-list=1.0', '-numeric-features=close,volume,quote_asset_volume,number_of_trades', '-regression-PnL-list=120', '-regression-times-list=0', '-start-train-date=2023-06-01', '-start-test-date=2023-07-01'];3
2023-10-27 21:57:17;CAI;DOTUSDT;30m;knn;allknn;1.5;0;48;0.5024;0.1389;0.3095;0.5024;ema_48p,ema_200p;;0.7;False;2020-10-01;2023-07-28 21:30:00;3;True;<< NOT SAVED >>;['-batch-training', '-calc-rsi', '-normalize', '-no-tune', '-n-jobs=20', '-symbol-list=BTCUSDT,ETHUSDT,BNBUSDT,XRPUSDT,ADAUSDT,DOGEUSDT,SOLUSDT,TRXUSDT,DOTUSDT,MATICUSDT,LTCUSDT,BCHUSDT,AVAXUSDT,XLMUSDT,LINKUSDT,XMRUSDT,UNIUSDT,ATOMUSDT', '-interval-list=30m', '-estimator-list=knn', '-stop-loss-list=1.5', '-numeric-features=volume,quote_asset_volume,number_of_trades,taker_buy_base_asset_volume,taker_buy_quote_asset_volume', '-regression-PnL-list=48', '-regression-times-list=0', '-start-train-date=2020-10-01', '-start-test-date=2023-07-01'];2
2023-10-28 01:22:34;CAI;ETHUSDT;1h;knn;instancehardnessthreshold;1.5;0;24;0.6555;0.1203;0.2805;0.6555;close,number_of_trades,ema_200p;;0.7;False;2017-11-01;2023-07-30 02:00:00;3;True;<< NOT SAVED >>;['-batch-training', '-calc-rsi', '-normalize', '-no-tune', '-n-jobs=20', '-symbol-list=BTCUSDT,ETHUSDT,BNBUSDT,XRPUSDT,ADAUSDT,DOGEUSDT,SOLUSDT,TRXUSDT,DOTUSDT,MATICUSDT,LTCUSDT,BCHUSDT,AVAXUSDT,XLMUSDT,LINKUSDT,XMRUSDT,UNIUSDT,ATOMUSDT', '-interval-list=1h', '-estimator-list=knn', '-stop-loss-list=1.5', '-numeric-features=close,volume,quote_asset_volume,number_of_trades,taker_buy_base_asset_volume,taker_buy_quote_asset_volume', '-regression-PnL-list=24', '-regression-times-list=0', '-start-train-date=2017-11-01', '-start-test-date=2023-07-01'];3
2023-10-28 01:16:38;SOBE;ETHUSDT;1h;knn;allknn;1.5;0;24;0.4609;0.0064;0.5418;0.5418;close,ema_200p;;0.7;False;2017-11-01;2023-07-30 02:00:00;3;True;<< NOT SAVED >>;['-batch-training', '-calc-rsi', '-normalize', '-no-tune', '-n-jobs=20', '-symbol-list=BTCUSDT,ETHUSDT,BNBUSDT,XRPUSDT,ADAUSDT,DOGEUSDT,SOLUSDT,TRXUSDT,DOTUSDT,MATICUSDT,LTCUSDT,BCHUSDT,AVAXUSDT,XLMUSDT,LINKUSDT,XMRUSDT,UNIUSDT,ATOMUSDT', '-interval-list=1h', '-estimator-list=knn', '-stop-loss-list=1.5', '-numeric-features=close,volume,quote_asset_volume,number_of_trades,taker_buy_base_asset_volume,taker_buy_quote_asset_volume', '-regression-PnL-list=24', '-regression-times-list=0', '-start-train-date=2017-11-01', '-start-test-date=2023-07-01'];2
2023-10-30 01:47:00;CAI;ETHUSDT;1m;knn;instancehardnessthreshold;1.0;0;120;0.7436;0.1459;0.0086;0.7436;close,volume,quote_asset_volume,number_of_trades;;0.7;False;2023-06-01;2023-08-01 03:34:00;3;True;<< NOT SAVED >>;['-batch-training', '-calc-rsi', '-normalize', '-no-tune', '-n-jobs=20', '-symbol-list=BTCUSDT,ETHUSDT,BNBUSDT,XRPUSDT,ADAUSDT,DOGEUSDT,SOLUSDT,TRXUSDT,DOTUSDT,MATICUSDT,LTCUSDT,BCHUSDT,AVAXUSDT,XLMUSDT,LINKUSDT,XMRUSDT,UNIUSDT,ATOMUSDT', '-interval-list=1m', '-estimator-list=knn', '-stop-loss-list=1.0', '-numeric-features=close,volume,quote_asset_volume,number_of_trades', '-regression-PnL-list=120', '-regression-times-list=0', '-start-train-date=2023-06-01', '-start-test-date=2023-07-01'];4
2023-10-22 04:24:07;SOBE;ETHUSDT;1m;knn;instancehardnessthreshold;1.0;0;120;0.0;0.4552;0.8247;0.8247;rsi,ema_120p,ema_200p;;0.7;False;2023-06-01;2023-07-24 04:00:00;3;True;<< NOT SAVED >>;['-batch-training', '-calc-rsi', '-normalize', '-no-tune', '-n-jobs=20', '-symbol-list=BTCUSDT,ETHUSDT,BNBUSDT,XRPUSDT,ADAUSDT,DOGEUSDT,SOLUSDT,TRXUSDT,DOTUSDT,MATICUSDT,LTCUSDT,BCHUSDT,AVAXUSDT,XLMUSDT,LINKUSDT,XMRUSDT,UNIUSDT,ATOMUSDT', '-interval-list=1m', '-estimator-list=knn', '-stop-loss-list=1.0', '-numeric-features=volume,quote_asset_volume,number_of_trades,taker_buy_base_asset_volume,taker_buy_quote_asset_volume', '-regression-PnL-list=120', '-regression-times-list=0', '-start-train-date=2023-06-01', '-start-test-date=2023-07-01'];3
2023-10-22 20:01:13;CAI;ETHUSDT;30m;knn;instancehardnessthreshold;1.0;0;48;0.6753;0.1453;0.1461;0.6753;ema_48p,ema_200p;;0.7;False;2020-10-01;2023-07-24 20:30:00;3;True;<< NOT SAVED >>;['-batch-training', '-calc-rsi', '-normalize', '-no-tune', '-n-jobs=20', '-verbose', '-symbol-list=BTCUSDT,ETHUSDT,BNBUSDT,XRPUSDT,ADAUSDT,DOGEUSDT,SOLUSDT,TRXUSDT,DOTUSDT,MATICUSDT,LTCUSDT,BCHUSDT,AVAXUSDT,XLMUSDT,LINKUSDT,XMRUSDT,UNIUSDT,ATOMUSDT', '-interval-list=30m', '-estimator-list=knn', '-stop-loss-list=1.0', '-numeric-features=volume,quote_asset_volume,number_of_trades,taker_buy_base_asset_volume,taker_buy_quote_asset_volume', '-regression-PnL-list=48', '-regression-times-list=0', '-start-train-date=2020-10-01', '-start-test-date=2023-07-01'];2
2023-10-25 12:16:58;CAI;LINKUSDT;15m;knn;allknn;1.0;0;60;0.6919;0.1047;0.2848;0.6919;number_of_trades,taker_buy_base_asset_volume,taker_buy_quote_asset_volume,rsi;;0.7;False;2022-02-01;2023-07-27 03:00:00;3;True;<< NOT SAVED >>;['-batch-training', '-calc-rsi', '-normalize', '-no-tune', '-n-jobs=20', '-symbol-list=BTCUSDT,ETHUSDT,BNBUSDT,XRPUSDT,ADAUSDT,DOGEUSDT,SOLUSDT,TRXUSDT,DOTUSDT,MATICUSDT,LTCUSDT,BCHUSDT,AVAXUSDT,XLMUSDT,LINKUSDT,XMRUSDT,UNIUSDT,ATOMUSDT', '-interval-list=15m', '-estimator-list=knn', '-stop-loss-list=1.0', '-numeric-features=volume,quote_asset_volume,number_of_trades,taker_buy_base_asset_volume,taker_buy_quote_asset_volume', '-regression-PnL-list=60', '-regression-times-list=0', '-start-train-date=2022-02-01', '-start-test-date=2023-07-01'];4
2023-10-25 11:50:45;SOBE;LINKUSDT;15m;knn;instancehardnessthreshold;1.0;0;60;0.2557;0.1178;0.6236;0.6236;number_of_trades,ema_60p,ema_200p;;0.7;False;2022-02-01;2023-07-27 03:00:00;3;True;<< NOT SAVED >>;['-batch-training', '-calc-rsi', '-normalize', '-no-tune', '-n-jobs=20', '-symbol-list=BTCUSDT,ETHUSDT,BNBUSDT,XRPUSDT,ADAUSDT,DOGEUSDT,SOLUSDT,TRXUSDT,DOTUSDT,MATICUSDT,LTCUSDT,BCHUSDT,AVAXUSDT,XLMUSDT,LINKUSDT,XMRUSDT,UNIUSDT,ATOMUSDT', '-interval-list=15m', '-estimator-list=knn', '-stop-loss-list=1.0', '-numeric-features=volume,quote_asset_volume,number_of_trades,taker_buy_base_asset_volume,taker_buy_quote_asset_volume', '-regression-PnL-list=60', '-regression-times-list=0', '-start-train-date=2022-02-01', '-start-test-date=2023-07-01'];3
2023-10-27 04:43:10;CAI;LINKUSDT;1h;knn;allknn;1.5;0;24;0.6542;0.248;0.2172;0.6542;volume,quote_asset_volume,number_of_trades,ema_24p,ema_200p;;0.7;False;2017-11-01;2023-07-28 21:00:00;3;True;<< NOT SAVED >>;['-batch-training', '-calc-rsi', '-normalize', '-no-tune', '-n-jobs=20', '-symbol-list=TRXUSDT,DOTUSDT,MATICUSDT,LTCUSDT,BCHUSDT,AVAXUSDT,XLMUSDT,LINKUSDT,XMRUSDT,UNIUSDT,ATOMUSDT', '-interval-list=1h', '-estimator-list=knn', '-stop-loss-list=1.5', '-numeric-features=volume,quote_asset_volume,number_of_trades,taker_buy_base_asset_volume,taker_buy_quote_asset_volume', '-regression-PnL-list=24', '-regression-times-list=0', '-start-train-date=2017-11-01', '-start-test-date=2023-07-01'];5
2023-10-27 03:56:29;SOBE;LINKUSDT;1h;knn;allknn;1.5;0;24;0.3831;0.1175;0.5666;0.5666;ema_24p,ema_200p;;0.7;False;2017-11-01;2023-07-28 21:00:00;3;True;<< NOT SAVED >>;['-batch-training', '-calc-rsi', '-normalize', '-no-tune', '-n-jobs=20', '-symbol-list=TRXUSDT,DOTUSDT,MATICUSDT,LTCUSDT,BCHUSDT,AVAXUSDT,XLMUSDT,LINKUSDT,XMRUSDT,UNIUSDT,ATOMUSDT', '-interval-list=1h', '-estimator-list=knn', '-stop-loss-list=1.5', '-numeric-features=volume,quote_asset_volume,number_of_trades,taker_buy_base_asset_volume,taker_buy_quote_asset_volume', '-regression-PnL-list=24', '-regression-times-list=0', '-start-train-date=2017-11-01', '-start-test-date=2023-07-01'];2
2023-10-30 10:29:26;CAI;LINKUSDT;1m;knn;repeatededitednearestneighbours;1.0;0;120;0.9561;0.0815;0.0058;0.9561;close,volume,number_of_trades,rsi,ema_200p;;0.7;False;2023-06-01;2023-08-01 03:35:00;3;True;<< NOT SAVED >>;['-batch-training', '-calc-rsi', '-normalize', '-no-tune', '-n-jobs=20', '-symbol-list=BTCUSDT,ETHUSDT,BNBUSDT,XRPUSDT,ADAUSDT,DOGEUSDT,SOLUSDT,TRXUSDT,DOTUSDT,MATICUSDT,LTCUSDT,BCHUSDT,AVAXUSDT,XLMUSDT,LINKUSDT,XMRUSDT,UNIUSDT,ATOMUSDT', '-interval-list=1m', '-estimator-list=knn', '-stop-loss-list=1.0', '-numeric-features=close,volume,quote_asset_volume,number_of_trades', '-regression-PnL-list=120', '-regression-times-list=0', '-start-train-date=2023-06-01', '-start-test-date=2023-07-01'];5
2023-10-29 18:05:29;CAI;LINKUSDT;30m;knn;allknn;1.5;0;48;0.649;0.1846;0.2985;0.649;volume,quote_asset_volume;;0.7;False;2020-10-01;2023-07-31 12:00:00;3;True;<< NOT SAVED >>;['-batch-training', '-calc-rsi', '-normalize', '-no-tune', '-n-jobs=20', '-symbol-list=BTCUSDT,ETHUSDT,BNBUSDT,XRPUSDT,ADAUSDT,DOGEUSDT,SOLUSDT,TRXUSDT,DOTUSDT,MATICUSDT,LTCUSDT,BCHUSDT,AVAXUSDT,XLMUSDT,LINKUSDT,XMRUSDT,UNIUSDT,ATOMUSDT', '-interval-list=30m', '-estimator-list=knn', '-stop-loss-list=1.5', '-numeric-features=close,volume,quote_asset_volume,number_of_trades', '-regression-PnL-list=48', '-regression-times-list=0', '-start-train-date=2020-10-01', '-start-test-date=2023-07-01'];2
2023-10-29 18:00:20;SOBE;LINKUSDT;30m;knn;instancehardnessthreshold;1.5;0;48;0.2284;0.1585;0.6681;0.6681;ema_200p;;0.7;False;2020-10-01;2023-07-31 12:00:00;3;True;<< NOT SAVED >>;['-batch-training', '-calc-rsi', '-normalize', '-no-tune', '-n-jobs=20', '-symbol-list=BTCUSDT,ETHUSDT,BNBUSDT,XRPUSDT,ADAUSDT,DOGEUSDT,SOLUSDT,TRXUSDT,DOTUSDT,MATICUSDT,LTCUSDT,BCHUSDT,AVAXUSDT,XLMUSDT,LINKUSDT,XMRUSDT,UNIUSDT,ATOMUSDT', '-interval-list=30m', '-estimator-list=knn', '-stop-loss-list=1.5', '-numeric-features=close,volume,quote_asset_volume,number_of_trades', '-regression-PnL-list=48', '-regression-times-list=0', '-start-train-date=2020-10-01', '-start-test-date=2023-07-01'];1
2023-10-29 13:36:12;CAI;LTCUSDT;15m;knn;allknn;1.0;0;60;0.6528;0.0569;0.3258;0.6528;close,quote_asset_volume,ema_60p,ema_200p;;0.7;False;2022-02-01;2023-07-31 12:15:00;3;True;<< NOT SAVED >>;['-batch-training', '-calc-rsi', '-normalize', '-no-tune', '-n-jobs=20', '-symbol-list=BTCUSDT,ETHUSDT,BNBUSDT,XRPUSDT,ADAUSDT,DOGEUSDT,SOLUSDT,TRXUSDT,DOTUSDT,MATICUSDT,LTCUSDT,BCHUSDT,AVAXUSDT,XLMUSDT,LINKUSDT,XMRUSDT,UNIUSDT,ATOMUSDT', '-interval-list=15m', '-estimator-list=knn', '-stop-loss-list=1.0', '-numeric-features=close,volume,quote_asset_volume,number_of_trades', '-regression-PnL-list=60', '-regression-times-list=0', '-start-train-date=2022-02-01', '-start-test-date=2023-07-01'];4
2023-10-29 13:45:29;SOBE;LTCUSDT;15m;knn;allknn;1.0;0;60;0.4255;0.1213;0.5346;0.5346;close,volume,quote_asset_volume,rsi,ema_60p,ema_200p;;0.7;False;2022-02-01;2023-07-31 12:15:00;3;True;<< NOT SAVED >>;['-batch-training', '-calc-rsi', '-normalize', '-no-tune', '-n-jobs=20', '-symbol-list=BTCUSDT,ETHUSDT,BNBUSDT,XRPUSDT,ADAUSDT,DOGEUSDT,SOLUSDT,TRXUSDT,DOTUSDT,MATICUSDT,LTCUSDT,BCHUSDT,AVAXUSDT,XLMUSDT,LINKUSDT,XMRUSDT,UNIUSDT,ATOMUSDT', '-interval-list=15m', '-estimator-list=knn', '-stop-loss-list=1.0', '-numeric-features=close,volume,quote_asset_volume,number_of_trades', '-regression-PnL-list=60', '-regression-times-list=0', '-start-train-date=2022-02-01', '-start-test-date=2023-07-01'];6
2023-10-28 12:13:20;CAI;LTCUSDT;1h;knn;allknn;1.5;0;24;0.6611;0.2034;0.269;0.6611;close,ema_200p;;0.7;False;2017-11-01;2023-07-30 14:00:00;3;True;<< NOT SAVED >>;['-batch-training', '-calc-rsi', '-normalize', '-no-tune', '-n-jobs=20', '-symbol-list=BTCUSDT,ETHUSDT,BNBUSDT,XRPUSDT,ADAUSDT,DOGEUSDT,SOLUSDT,TRXUSDT,DOTUSDT,MATICUSDT,LTCUSDT,BCHUSDT,AVAXUSDT,XLMUSDT,LINKUSDT,XMRUSDT,UNIUSDT,ATOMUSDT', '-interval-list=1h', '-estimator-list=knn', '-stop-loss-list=1.5', '-numeric-features=close,quote_asset_volume,number_of_trades', '-regression-PnL-list=24', '-regression-times-list=0', '-start-train-date=2017-11-01', '-start-test-date=2023-07-01'];2
2023-10-28 12:16:00;SOBE;LTCUSDT;1h;knn;allknn;1.5;0;24;0.5473;0.1509;0.3841;0.5473;close,rsi,ema_24p;;0.7;False;2017-11-01;2023-07-30 14:00:00;3;True;<< NOT SAVED >>;['-batch-training', '-calc-rsi', '-normalize', '-no-tune', '-n-jobs=20', '-symbol-list=BTCUSDT,ETHUSDT,BNBUSDT,XRPUSDT,ADAUSDT,DOGEUSDT,SOLUSDT,TRXUSDT,DOTUSDT,MATICUSDT,LTCUSDT,BCHUSDT,AVAXUSDT,XLMUSDT,LINKUSDT,XMRUSDT,UNIUSDT,ATOMUSDT', '-interval-list=1h', '-estimator-list=knn', '-stop-loss-list=1.5', '-numeric-features=close,quote_asset_volume,number_of_trades', '-regression-PnL-list=24', '-regression-times-list=0', '-start-train-date=2017-11-01', '-start-test-date=2023-07-01'];3
2023-10-30 07:32:25;CAI;LTCUSDT;1m;knn;instancehardnessthreshold;1.0;0;120;0.7702;0.1068;0.0651;0.7702;close,volume,number_of_trades;;0.7;False;2023-06-01;2023-08-01 03:35:00;3;True;<< NOT SAVED >>;['-batch-training', '-calc-rsi', '-normalize', '-no-tune', '-n-jobs=20', '-symbol-list=BTCUSDT,ETHUSDT,BNBUSDT,XRPUSDT,ADAUSDT,DOGEUSDT,SOLUSDT,TRXUSDT,DOTUSDT,MATICUSDT,LTCUSDT,BCHUSDT,AVAXUSDT,XLMUSDT,LINKUSDT,XMRUSDT,UNIUSDT,ATOMUSDT', '-interval-list=1m', '-estimator-list=knn', '-stop-loss-list=1.0', '-numeric-features=close,volume,quote_asset_volume,number_of_trades', '-regression-PnL-list=120', '-regression-times-list=0', '-start-train-date=2023-06-01', '-start-test-date=2023-07-01'];3
2023-10-30 07:27:55;SOBE;LTCUSDT;1m;knn;instancehardnessthreshold;1.0;0;120;0.0;0.2637;0.7666;0.7666;close;;0.7;False;2023-06-01;2023-08-01 03:35:00;3;True;<< NOT SAVED >>;['-batch-training', '-calc-rsi', '-normalize', '-no-tune', '-n-jobs=20', '-symbol-list=BTCUSDT,ETHUSDT,BNBUSDT,XRPUSDT,ADAUSDT,DOGEUSDT,SOLUSDT,TRXUSDT,DOTUSDT,MATICUSDT,LTCUSDT,BCHUSDT,AVAXUSDT,XLMUSDT,LINKUSDT,XMRUSDT,UNIUSDT,ATOMUSDT', '-interval-list=1m', '-estimator-list=knn', '-stop-loss-list=1.0', '-numeric-features=close,volume,quote_asset_volume,number_of_trades', '-regression-PnL-list=120', '-regression-times-list=0', '-start-train-date=2023-06-01', '-start-test-date=2023-07-01'];1
2023-10-28 07:03:29;CAI;LTCUSDT;30m;knn;repeatededitednearestneighbours;1.5;0;48;0.5823;0.3215;0.0965;0.5823;volume,number_of_trades,taker_buy_base_asset_volume,rsi,ema_200p;;0.7;False;2020-10-01;2023-07-28 21:30:00;3;True;<< NOT SAVED >>;['-batch-training', '-calc-rsi', '-normalize', '-no-tune', '-n-jobs=20', '-symbol-list=BTCUSDT,ETHUSDT,BNBUSDT,XRPUSDT,ADAUSDT,DOGEUSDT,SOLUSDT,TRXUSDT,DOTUSDT,MATICUSDT,LTCUSDT,BCHUSDT,AVAXUSDT,XLMUSDT,LINKUSDT,XMRUSDT,UNIUSDT,ATOMUSDT', '-interval-list=30m', '-estimator-list=knn', '-stop-loss-list=1.5', '-numeric-features=volume,quote_asset_volume,number_of_trades,taker_buy_base_asset_volume,taker_buy_quote_asset_volume', '-regression-PnL-list=48', '-regression-times-list=0', '-start-train-date=2020-10-01', '-start-test-date=2023-07-01'];5
2023-10-29 13:35:16;SOBE;LTCUSDT;30m;knn;allknn;1.5;0;48;0.5289;0.0422;0.4272;0.5289;close,ema_48p,ema_200p;;0.7;False;2020-10-01;2023-07-31 12:00:00;3;True;<< NOT SAVED >>;['-batch-training', '-calc-rsi', '-normalize', '-no-tune', '-n-jobs=20', '-symbol-list=BTCUSDT,ETHUSDT,BNBUSDT,XRPUSDT,ADAUSDT,DOGEUSDT,SOLUSDT,TRXUSDT,DOTUSDT,MATICUSDT,LTCUSDT,BCHUSDT,AVAXUSDT,XLMUSDT,LINKUSDT,XMRUSDT,UNIUSDT,ATOMUSDT', '-interval-list=30m', '-estimator-list=knn', '-stop-loss-list=1.5', '-numeric-features=close,volume,quote_asset_volume,number_of_trades', '-regression-PnL-list=48', '-regression-times-list=0', '-start-train-date=2020-10-01', '-start-test-date=2023-07-01'];3
2023-10-25 03:31:16;CAI;MATICUSDT;15m;knn;repeatededitednearestneighbours;1.0;0;60;0.6357;0.1711;0.3021;0.6357;quote_asset_volume,ema_60p,ema_200p;;0.7;False;2022-02-01;2023-07-27 03:00:00;3;True;<< NOT SAVED >>;['-batch-training', '-calc-rsi', '-normalize', '-no-tune', '-n-jobs=20', '-symbol-list=BTCUSDT,ETHUSDT,BNBUSDT,XRPUSDT,ADAUSDT,DOGEUSDT,SOLUSDT,TRXUSDT,DOTUSDT,MATICUSDT,LTCUSDT,BCHUSDT,AVAXUSDT,XLMUSDT,LINKUSDT,XMRUSDT,UNIUSDT,ATOMUSDT', '-interval-list=15m', '-estimator-list=knn', '-stop-loss-list=1.0', '-numeric-features=volume,quote_asset_volume,number_of_trades,taker_buy_base_asset_volume,taker_buy_quote_asset_volume', '-regression-PnL-list=60', '-regression-times-list=0', '-start-train-date=2022-02-01', '-start-test-date=2023-07-01'];3
2023-10-25 03:08:07;SOBE;MATICUSDT;15m;knn;instancehardnessthreshold;1.0;0;60;0.2527;0.0467;0.6967;0.6967;ema_60p;;0.7;False;2022-02-01;2023-07-27 03:00:00;3;True;<< NOT SAVED >>;['-batch-training', '-calc-rsi', '-normalize', '-no-tune', '-n-jobs=20', '-symbol-list=BTCUSDT,ETHUSDT,BNBUSDT,XRPUSDT,ADAUSDT,DOGEUSDT,SOLUSDT,TRXUSDT,DOTUSDT,MATICUSDT,LTCUSDT,BCHUSDT,AVAXUSDT,XLMUSDT,LINKUSDT,XMRUSDT,UNIUSDT,ATOMUSDT', '-interval-list=15m', '-estimator-list=knn', '-stop-loss-list=1.0', '-numeric-features=volume,quote_asset_volume,number_of_trades,taker_buy_base_asset_volume,taker_buy_quote_asset_volume', '-regression-PnL-list=60', '-regression-times-list=0', '-start-train-date=2022-02-01', '-start-test-date=2023-07-01'];1
2023-10-26 21:10:11;CAI;MATICUSDT;1h;knn;allknn;1.5;0;24;0.6117;0.2226;0.1829;0.6117;volume,taker_buy_base_asset_volume,rsi;;0.7;False;2017-11-01;2023-07-28 21:00:00;3;True;<< NOT SAVED >>;['-batch-training', '-calc-rsi', '-normalize', '-no-tune', '-n-jobs=20', '-symbol-list=TRXUSDT,DOTUSDT,MATICUSDT,LTCUSDT,BCHUSDT,AVAXUSDT,XLMUSDT,LINKUSDT,XMRUSDT,UNIUSDT,ATOMUSDT', '-interval-list=1h', '-estimator-list=knn', '-stop-loss-list=1.5', '-numeric-features=volume,quote_asset_volume,number_of_trades,taker_buy_base_asset_volume,taker_buy_quote_asset_volume', '-regression-PnL-list=24', '-regression-times-list=0', '-start-train-date=2017-11-01', '-start-test-date=2023-07-01'];3
2023-10-23 02:59:23;CAI;MATICUSDT;1m;knn;repeatededitednearestneighbours;1.0;0;120;0.6858;0.3991;0.0016;0.6858;taker_buy_base_asset_volume,rsi;;0.7;False;2023-06-01;2023-07-24 19:23:00;3;True;<< NOT SAVED >>;['-batch-training', '-calc-rsi', '-normalize', '-no-tune', '-n-jobs=20', '-symbol-list=BTCUSDT,ETHUSDT,BNBUSDT,XRPUSDT,ADAUSDT,DOGEUSDT,SOLUSDT,TRXUSDT,DOTUSDT,MATICUSDT,LTCUSDT,BCHUSDT,AVAXUSDT,XLMUSDT,LINKUSDT,XMRUSDT,UNIUSDT,ATOMUSDT', '-interval-list=1m', '-estimator-list=knn', '-stop-loss-list=1.0', '-numeric-features=volume,quote_asset_volume,number_of_trades,taker_buy_base_asset_volume,taker_buy_quote_asset_volume', '-regression-PnL-list=120', '-regression-times-list=0', '-start-train-date=2023-06-01', '-start-test-date=2023-07-01'];2
2023-10-23 03:52:30;SOBE;MATICUSDT;1m;knn;repeatededitednearestneighbours;1.0;0;120;0.0004;0.2426;0.8341;0.8341;volume,taker_buy_quote_asset_volume,ema_120p,ema_200p;;0.7;False;2023-06-01;2023-07-24 19:23:00;3;True;<< NOT SAVED >>;['-batch-training', '-calc-rsi', '-normalize', '-no-tune', '-n-jobs=20', '-symbol-list=BTCUSDT,ETHUSDT,BNBUSDT,XRPUSDT,ADAUSDT,DOGEUSDT,SOLUSDT,TRXUSDT,DOTUSDT,MATICUSDT,LTCUSDT,BCHUSDT,AVAXUSDT,XLMUSDT,LINKUSDT,XMRUSDT,UNIUSDT,ATOMUSDT', '-interval-list=1m', '-estimator-list=knn', '-stop-loss-list=1.0', '-numeric-features=volume,quote_asset_volume,number_of_trades,taker_buy_base_asset_volume,taker_buy_quote_asset_volume', '-regression-PnL-list=120', '-regression-times-list=0', '-start-train-date=2023-06-01', '-start-test-date=2023-07-01'];4
2023-10-28 01:37:56;CAI;MATICUSDT;30m;knn;allknn;1.5;0;48;0.5813;0.2586;0.1408;0.5813;volume,number_of_trades,rsi;;0.7;False;2020-10-01;2023-07-28 21:30:00;3;True;<< NOT SAVED >>;['-batch-training', '-calc-rsi', '-normalize', '-no-tune', '-n-jobs=20', '-symbol-list=BTCUSDT,ETHUSDT,BNBUSDT,XRPUSDT,ADAUSDT,DOGEUSDT,SOLUSDT,TRXUSDT,DOTUSDT,MATICUSDT,LTCUSDT,BCHUSDT,AVAXUSDT,XLMUSDT,LINKUSDT,XMRUSDT,UNIUSDT,ATOMUSDT', '-interval-list=30m', '-estimator-list=knn', '-stop-loss-list=1.5', '-numeric-features=volume,quote_asset_volume,number_of_trades,taker_buy_base_asset_volume,taker_buy_quote_asset_volume', '-regression-PnL-list=48', '-regression-times-list=0', '-start-train-date=2020-10-01', '-start-test-date=2023-07-01'];3
2023-10-28 15:50:21;SOBE;MATICUSDT;30m;knn;allknn;1.5;0;48;0.3099;0.0645;0.5862;0.5862;close,ema_48p,ema_200p;;0.7;False;2020-10-01;2023-07-30 14:30:00;3;True;<< NOT SAVED >>;['-batch-training', '-calc-rsi', '-normalize', '-no-tune', '-n-jobs=20', '-symbol-list=BTCUSDT,ETHUSDT,BNBUSDT,XRPUSDT,ADAUSDT,DOGEUSDT,SOLUSDT,TRXUSDT,DOTUSDT,MATICUSDT,LTCUSDT,BCHUSDT,AVAXUSDT,XLMUSDT,LINKUSDT,XMRUSDT,UNIUSDT,ATOMUSDT', '-interval-list=30m', '-estimator-list=knn', '-stop-loss-list=1.5', '-numeric-features=close,quote_asset_volume,number_of_trades', '-regression-PnL-list=48', '-regression-times-list=0', '-start-train-date=2020-10-01', '-start-test-date=2023-07-01'];3
2023-10-28 09:03:05;CAI;SOLUSDT;1h;knn;instancehardnessthreshold;1.5;0;24;0.7745;0.0459;0.1857;0.7745;close,taker_buy_quote_asset_volume,ema_24p;;0.7;False;2017-11-01;2023-07-30 02:00:00;3;True;<< NOT SAVED >>;['-batch-training', '-calc-rsi', '-normalize', '-no-tune', '-n-jobs=20', '-symbol-list=BTCUSDT,ETHUSDT,BNBUSDT,XRPUSDT,ADAUSDT,DOGEUSDT,SOLUSDT,TRXUSDT,DOTUSDT,MATICUSDT,LTCUSDT,BCHUSDT,AVAXUSDT,XLMUSDT,LINKUSDT,XMRUSDT,UNIUSDT,ATOMUSDT', '-interval-list=1h', '-estimator-list=knn', '-stop-loss-list=1.5', '-numeric-features=close,volume,quote_asset_volume,number_of_trades,taker_buy_base_asset_volume,taker_buy_quote_asset_volume', '-regression-PnL-list=24', '-regression-times-list=0', '-start-train-date=2017-11-01', '-start-test-date=2023-07-01'];3
2023-10-28 09:23:39;SOBE;SOLUSDT;1h;knn;instancehardnessthreshold;1.5;0;24;0.3457;0.0865;0.5029;0.5029;close,volume,number_of_trades,taker_buy_base_asset_volume,ema_200p;;0.7;False;2017-11-01;2023-07-30 02:00:00;3;True;<< NOT SAVED >>;['-batch-training', '-calc-rsi', '-normalize', '-no-tune', '-n-jobs=20', '-symbol-list=BTCUSDT,ETHUSDT,BNBUSDT,XRPUSDT,ADAUSDT,DOGEUSDT,SOLUSDT,TRXUSDT,DOTUSDT,MATICUSDT,LTCUSDT,BCHUSDT,AVAXUSDT,XLMUSDT,LINKUSDT,XMRUSDT,UNIUSDT,ATOMUSDT', '-interval-list=1h', '-estimator-list=knn', '-stop-loss-list=1.5', '-numeric-features=close,volume,quote_asset_volume,number_of_trades,taker_buy_base_asset_volume,taker_buy_quote_asset_volume', '-regression-PnL-list=24', '-regression-times-list=0', '-start-train-date=2017-11-01', '-start-test-date=2023-07-01'];5
2023-10-22 20:47:59;CAI;SOLUSDT;1m;knn;repeatededitednearestneighbours;1.0;0;120;0.9535;0.0695;0.0013;0.9535;volume,quote_asset_volume,taker_buy_base_asset_volume,taker_buy_quote_asset_volume,rsi;;0.7;False;2023-06-01;2023-07-24 19:22:00;3;True;<< NOT SAVED >>;['-batch-training', '-calc-rsi', '-normalize', '-no-tune', '-n-jobs=20', '-symbol-list=BTCUSDT,ETHUSDT,BNBUSDT,XRPUSDT,ADAUSDT,DOGEUSDT,SOLUSDT,TRXUSDT,DOTUSDT,MATICUSDT,LTCUSDT,BCHUSDT,AVAXUSDT,XLMUSDT,LINKUSDT,XMRUSDT,UNIUSDT,ATOMUSDT', '-interval-list=1m', '-estimator-list=knn', '-stop-loss-list=1.0', '-numeric-features=volume,quote_asset_volume,number_of_trades,taker_buy_base_asset_volume,taker_buy_quote_asset_volume', '-regression-PnL-list=120', '-regression-times-list=0', '-start-train-date=2023-06-01', '-start-test-date=2023-07-01'];5
2023-10-27 15:01:55;CAI;SOLUSDT;30m;knn;repeatededitednearestneighbours;1.5;0;48;0.6039;0.2362;0.1824;0.6039;taker_buy_base_asset_volume,rsi;;0.7;False;2020-10-01;2023-07-28 21:30:00;3;True;<< NOT SAVED >>;['-batch-training', '-calc-rsi', '-normalize', '-no-tune', '-n-jobs=20', '-symbol-list=BTCUSDT,ETHUSDT,BNBUSDT,XRPUSDT,ADAUSDT,DOGEUSDT,SOLUSDT,TRXUSDT,DOTUSDT,MATICUSDT,LTCUSDT,BCHUSDT,AVAXUSDT,XLMUSDT,LINKUSDT,XMRUSDT,UNIUSDT,ATOMUSDT', '-interval-list=30m', '-estimator-list=knn', '-stop-loss-list=1.5', '-numeric-features=volume,quote_asset_volume,number_of_trades,taker_buy_base_asset_volume,taker_buy_quote_asset_volume', '-regression-PnL-list=48', '-regression-times-list=0', '-start-train-date=2020-10-01', '-start-test-date=2023-07-01'];2
2023-10-27 14:47:09;SOBE;SOLUSDT;30m;knn;instancehardnessthreshold;1.5;0;48;0.1838;0.2945;0.5819;0.5819;ema_48p;;0.7;False;2020-10-01;2023-07-28 21:30:00;3;True;<< NOT SAVED >>;['-batch-training', '-calc-rsi', '-normalize', '-no-tune', '-n-jobs=20', '-symbol-list=BTCUSDT,ETHUSDT,BNBUSDT,XRPUSDT,ADAUSDT,DOGEUSDT,SOLUSDT,TRXUSDT,DOTUSDT,MATICUSDT,LTCUSDT,BCHUSDT,AVAXUSDT,XLMUSDT,LINKUSDT,XMRUSDT,UNIUSDT,ATOMUSDT', '-interval-list=30m', '-estimator-list=knn', '-stop-loss-list=1.5', '-numeric-features=volume,quote_asset_volume,number_of_trades,taker_buy_base_asset_volume,taker_buy_quote_asset_volume', '-regression-PnL-list=48', '-regression-times-list=0', '-start-train-date=2020-10-01', '-start-test-date=2023-07-01'];1
2023-10-28 10:06:14;CAI;TRXUSDT;1h;knn;instancehardnessthreshold;1.5;0;24;0.5598;0.1206;0.3824;0.5598;close;;0.7;False;2017-11-01;2023-07-30 02:00:00;3;True;<< NOT SAVED >>;['-batch-training', '-calc-rsi', '-normalize', '-no-tune', '-n-jobs=20', '-symbol-list=BTCUSDT,ETHUSDT,BNBUSDT,XRPUSDT,ADAUSDT,DOGEUSDT,SOLUSDT,TRXUSDT,DOTUSDT,MATICUSDT,LTCUSDT,BCHUSDT,AVAXUSDT,XLMUSDT,LINKUSDT,XMRUSDT,UNIUSDT,ATOMUSDT', '-interval-list=1h', '-estimator-list=knn', '-stop-loss-list=1.5', '-numeric-features=close,volume,quote_asset_volume,number_of_trades,taker_buy_base_asset_volume,taker_buy_quote_asset_volume', '-regression-PnL-list=24', '-regression-times-list=0', '-start-train-date=2017-11-01', '-start-test-date=2023-07-01'];1
2023-10-30 05:59:40;CAI;TRXUSDT;1m;knn;instancehardnessthreshold;1.0;0;120;0.6762;0.1256;0.0897;0.6762;close,volume,quote_asset_volume,number_of_trades,rsi;;0.7;False;2023-06-01;2023-08-01 03:34:00;3;True;<< NOT SAVED >>;['-batch-training', '-calc-rsi', '-normalize', '-no-tune', '-n-jobs=20', '-symbol-list=BTCUSDT,ETHUSDT,BNBUSDT,XRPUSDT,ADAUSDT,DOGEUSDT,SOLUSDT,TRXUSDT,DOTUSDT,MATICUSDT,LTCUSDT,BCHUSDT,AVAXUSDT,XLMUSDT,LINKUSDT,XMRUSDT,UNIUSDT,ATOMUSDT', '-interval-list=1m', '-estimator-list=knn', '-stop-loss-list=1.0', '-numeric-features=close,volume,quote_asset_volume,number_of_trades', '-regression-PnL-list=120', '-regression-times-list=0', '-start-train-date=2023-06-01', '-start-test-date=2023-07-01'];5
2023-10-27 18:18:26;SOBE;TRXUSDT;30m;knn;allknn;1.5;0;48;0.1569;0.1844;0.6544;0.6544;ema_48p;;0.7;False;2020-10-01;2023-07-28 21:30:00;3;True;<< NOT SAVED >>;['-batch-training', '-calc-rsi', '-normalize', '-no-tune', '-n-jobs=20', '-symbol-list=BTCUSDT,ETHUSDT,BNBUSDT,XRPUSDT,ADAUSDT,DOGEUSDT,SOLUSDT,TRXUSDT,DOTUSDT,MATICUSDT,LTCUSDT,BCHUSDT,AVAXUSDT,XLMUSDT,LINKUSDT,XMRUSDT,UNIUSDT,ATOMUSDT', '-interval-list=30m', '-estimator-list=knn', '-stop-loss-list=1.5', '-numeric-features=volume,quote_asset_volume,number_of_trades,taker_buy_base_asset_volume,taker_buy_quote_asset_volume', '-regression-PnL-list=48', '-regression-times-list=0', '-start-train-date=2020-10-01', '-start-test-date=2023-07-01'];1
2023-10-25 14:44:47;CAI;UNIUSDT;15m;knn;repeatededitednearestneighbours;1.0;0;60;0.6499;0.1566;0.2031;0.6499;quote_asset_volume;;0.7;False;2022-02-01;2023-07-27 03:00:00;3;True;<< NOT SAVED >>;['-batch-training', '-calc-rsi', '-normalize', '-no-tune', '-n-jobs=20', '-symbol-list=BTCUSDT,ETHUSDT,BNBUSDT,XRPUSDT,ADAUSDT,DOGEUSDT,SOLUSDT,TRXUSDT,DOTUSDT,MATICUSDT,LTCUSDT,BCHUSDT,AVAXUSDT,XLMUSDT,LINKUSDT,XMRUSDT,UNIUSDT,ATOMUSDT', '-interval-list=15m', '-estimator-list=knn', '-stop-loss-list=1.0', '-numeric-features=volume,quote_asset_volume,number_of_trades,taker_buy_base_asset_volume,taker_buy_quote_asset_volume', '-regression-PnL-list=60', '-regression-times-list=0', '-start-train-date=2022-02-01', '-start-test-date=2023-07-01'];1
2023-10-29 15:58:05;SOBE;UNIUSDT;15m;knn;repeatededitednearestneighbours;1.0;0;60;0.2554;0.0226;0.7092;0.7092;close,ema_60p,ema_200p;;0.7;False;2022-02-01;2023-07-31 12:15:00;3;True;<< NOT SAVED >>;['-batch-training', '-calc-rsi', '-normalize', '-no-tune', '-n-jobs=20', '-symbol-list=BTCUSDT,ETHUSDT,BNBUSDT,XRPUSDT,ADAUSDT,DOGEUSDT,SOLUSDT,TRXUSDT,DOTUSDT,MATICUSDT,LTCUSDT,BCHUSDT,AVAXUSDT,XLMUSDT,LINKUSDT,XMRUSDT,UNIUSDT,ATOMUSDT', '-interval-list=15m', '-estimator-list=knn', '-stop-loss-list=1.0', '-numeric-features=close,volume,quote_asset_volume,number_of_trades', '-regression-PnL-list=60', '-regression-times-list=0', '-start-train-date=2022-02-01', '-start-test-date=2023-07-01'];3
2023-10-27 06:56:20;CAI;UNIUSDT;1h;knn;repeatededitednearestneighbours;1.5;0;24;0.7117;0.2129;0.0923;0.7117;quote_asset_volume,ema_24p,ema_200p;;0.7;False;2017-11-01;2023-07-28 21:00:00;3;True;<< NOT SAVED >>;['-batch-training', '-calc-rsi', '-normalize', '-no-tune', '-n-jobs=20', '-symbol-list=TRXUSDT,DOTUSDT,MATICUSDT,LTCUSDT,BCHUSDT,AVAXUSDT,XLMUSDT,LINKUSDT,XMRUSDT,UNIUSDT,ATOMUSDT', '-interval-list=1h', '-estimator-list=knn', '-stop-loss-list=1.5', '-numeric-features=volume,quote_asset_volume,number_of_trades,taker_buy_base_asset_volume,taker_buy_quote_asset_volume', '-regression-PnL-list=24', '-regression-times-list=0', '-start-train-date=2017-11-01', '-start-test-date=2023-07-01'];3
2023-10-28 13:14:13;SOBE;UNIUSDT;1h;knn;repeatededitednearestneighbours;1.5;0;24;0.4828;0.0486;0.5147;0.5147;close,rsi,ema_24p,ema_200p;;0.7;False;2017-11-01;2023-07-30 14:00:00;3;True;<< NOT SAVED >>;['-batch-training', '-calc-rsi', '-normalize', '-no-tune', '-n-jobs=20', '-symbol-list=BTCUSDT,ETHUSDT,BNBUSDT,XRPUSDT,ADAUSDT,DOGEUSDT,SOLUSDT,TRXUSDT,DOTUSDT,MATICUSDT,LTCUSDT,BCHUSDT,AVAXUSDT,XLMUSDT,LINKUSDT,XMRUSDT,UNIUSDT,ATOMUSDT', '-interval-list=1h', '-estimator-list=knn', '-stop-loss-list=1.5', '-numeric-features=close,quote_asset_volume,number_of_trades', '-regression-PnL-list=24', '-regression-times-list=0', '-start-train-date=2017-11-01', '-start-test-date=2023-07-01'];4
2023-10-23 23:54:58;CAI;UNIUSDT;1m;knn;repeatededitednearestneighbours;1.0;0;120;0.7729;0.3202;0.0064;0.7729;volume,quote_asset_volume,number_of_trades,taker_buy_base_asset_volume,taker_buy_quote_asset_volume,rsi;;0.7;False;2023-06-01;2023-07-24 19:23:00;3;True;<< NOT SAVED >>;['-batch-training', '-calc-rsi', '-normalize', '-no-tune', '-n-jobs=20', '-symbol-list=BTCUSDT,ETHUSDT,BNBUSDT,XRPUSDT,ADAUSDT,DOGEUSDT,SOLUSDT,TRXUSDT,DOTUSDT,MATICUSDT,LTCUSDT,BCHUSDT,AVAXUSDT,XLMUSDT,LINKUSDT,XMRUSDT,UNIUSDT,ATOMUSDT', '-interval-list=1m', '-estimator-list=knn', '-stop-loss-list=1.0', '-numeric-features=volume,quote_asset_volume,number_of_trades,taker_buy_base_asset_volume,taker_buy_quote_asset_volume', '-regression-PnL-list=120', '-regression-times-list=0', '-start-train-date=2023-06-01', '-start-test-date=2023-07-01'];6
2023-10-30 11:19:31;SOBE;UNIUSDT;1m;knn;allknn;1.0;0;120;0.1236;0.1405;0.7633;0.7633;close;;0.7;False;2023-06-01;2023-08-01 03:35:00;3;True;<< NOT SAVED >>;['-batch-training', '-calc-rsi', '-normalize', '-no-tune', '-n-jobs=20', '-symbol-list=BTCUSDT,ETHUSDT,BNBUSDT,XRPUSDT,ADAUSDT,DOGEUSDT,SOLUSDT,TRXUSDT,DOTUSDT,MATICUSDT,LTCUSDT,BCHUSDT,AVAXUSDT,XLMUSDT,LINKUSDT,XMRUSDT,UNIUSDT,ATOMUSDT', '-interval-list=1m', '-estimator-list=knn', '-stop-loss-list=1.0', '-numeric-features=close,volume,quote_asset_volume,number_of_trades', '-regression-PnL-list=120', '-regression-times-list=0', '-start-train-date=2023-06-01', '-start-test-date=2023-07-01'];1
2023-10-29 21:10:55;CAI;UNIUSDT;30m;knn;allknn;1.5;0;48;0.5813;0.0363;0.3345;0.5813;volume;;0.7;False;2020-10-01;2023-07-31 12:00:00;3;True;<< NOT SAVED >>;['-batch-training', '-calc-rsi', '-normalize', '-no-tune', '-n-jobs=20', '-symbol-list=BTCUSDT,ETHUSDT,BNBUSDT,XRPUSDT,ADAUSDT,DOGEUSDT,SOLUSDT,TRXUSDT,DOTUSDT,MATICUSDT,LTCUSDT,BCHUSDT,AVAXUSDT,XLMUSDT,LINKUSDT,XMRUSDT,UNIUSDT,ATOMUSDT', '-interval-list=30m', '-estimator-list=knn', '-stop-loss-list=1.5', '-numeric-features=close,volume,quote_asset_volume,number_of_trades', '-regression-PnL-list=48', '-regression-times-list=0', '-start-train-date=2020-10-01', '-start-test-date=2023-07-01'];1
2023-10-29 21:40:25;SOBE;UNIUSDT;30m;knn;allknn;1.5;0;48;0.3875;0.0064;0.5399;0.5399;close,ema_48p,ema_200p;;0.7;False;2020-10-01;2023-07-31 12:00:00;3;True;<< NOT SAVED >>;['-batch-training', '-calc-rsi', '-normalize', '-no-tune', '-n-jobs=20', '-symbol-list=BTCUSDT,ETHUSDT,BNBUSDT,XRPUSDT,ADAUSDT,DOGEUSDT,SOLUSDT,TRXUSDT,DOTUSDT,MATICUSDT,LTCUSDT,BCHUSDT,AVAXUSDT,XLMUSDT,LINKUSDT,XMRUSDT,UNIUSDT,ATOMUSDT', '-interval-list=30m', '-estimator-list=knn', '-stop-loss-list=1.5', '-numeric-features=close,volume,quote_asset_volume,number_of_trades', '-regression-PnL-list=48', '-regression-times-list=0', '-start-train-date=2020-10-01', '-start-test-date=2023-07-01'];3
2023-10-25 10:12:44;CAI;XLMUSDT;15m;knn;instancehardnessthreshold;1.0;0;60;0.524;0.2048;0.2803;0.524;taker_buy_base_asset_volume,ema_60p,ema_200p;;0.7;False;2022-02-01;2023-07-27 03:00:00;3;True;<< NOT SAVED >>;['-batch-training', '-calc-rsi', '-normalize', '-no-tune', '-n-jobs=20', '-symbol-list=BTCUSDT,ETHUSDT,BNBUSDT,XRPUSDT,ADAUSDT,DOGEUSDT,SOLUSDT,TRXUSDT,DOTUSDT,MATICUSDT,LTCUSDT,BCHUSDT,AVAXUSDT,XLMUSDT,LINKUSDT,XMRUSDT,UNIUSDT,ATOMUSDT', '-interval-list=15m', '-estimator-list=knn', '-stop-loss-list=1.0', '-numeric-features=volume,quote_asset_volume,number_of_trades,taker_buy_base_asset_volume,taker_buy_quote_asset_volume', '-regression-PnL-list=60', '-regression-times-list=0', '-start-train-date=2022-02-01', '-start-test-date=2023-07-01'];3
2023-10-29 14:38:35;SOBE;XLMUSDT;15m;knn;instancehardnessthreshold;1.0;0;60;0.2334;0.1924;0.593;0.593;close,ema_200p;;0.7;False;2022-02-01;2023-07-31 12:15:00;3;True;<< NOT SAVED >>;['-batch-training', '-calc-rsi', '-normalize', '-no-tune', '-n-jobs=20', '-symbol-list=BTCUSDT,ETHUSDT,BNBUSDT,XRPUSDT,ADAUSDT,DOGEUSDT,SOLUSDT,TRXUSDT,DOTUSDT,MATICUSDT,LTCUSDT,BCHUSDT,AVAXUSDT,XLMUSDT,LINKUSDT,XMRUSDT,UNIUSDT,ATOMUSDT', '-interval-list=15m', '-estimator-list=knn', '-stop-loss-list=1.0', '-numeric-features=close,volume,quote_asset_volume,number_of_trades', '-regression-PnL-list=60', '-regression-times-list=0', '-start-train-date=2022-02-01', '-start-test-date=2023-07-01'];2
2023-10-23 16:37:37;CAI;XLMUSDT;1m;knn;repeatededitednearestneighbours;1.0;0;120;0.913;0.1658;0.0202;0.913;volume,quote_asset_volume,number_of_trades,taker_buy_quote_asset_volume,rsi,ema_120p,ema_200p;;0.7;False;2023-06-01;2023-07-24 19:23:00;3;True;<< NOT SAVED >>;['-batch-training', '-calc-rsi', '-normalize', '-no-tune', '-n-jobs=20', '-symbol-list=BTCUSDT,ETHUSDT,BNBUSDT,XRPUSDT,ADAUSDT,DOGEUSDT,SOLUSDT,TRXUSDT,DOTUSDT,MATICUSDT,LTCUSDT,BCHUSDT,AVAXUSDT,XLMUSDT,LINKUSDT,XMRUSDT,UNIUSDT,ATOMUSDT', '-interval-list=1m', '-estimator-list=knn', '-stop-loss-list=1.0', '-numeric-features=volume,quote_asset_volume,number_of_trades,taker_buy_base_asset_volume,taker_buy_quote_asset_volume', '-regression-PnL-list=120', '-regression-times-list=0', '-start-train-date=2023-06-01', '-start-test-date=2023-07-01'];7
2023-10-30 09:24:51;SOBE;XLMUSDT;1m;knn;repeatededitednearestneighbours;1.0;0;120;0.0127;0.1327;0.9487;0.9487;close,volume,number_of_trades;;0.7;False;2023-06-01;2023-08-01 03:35:00;3;True;<< NOT SAVED >>;['-batch-training', '-calc-rsi', '-normalize', '-no-tune', '-n-jobs=20', '-symbol-list=BTCUSDT,ETHUSDT,BNBUSDT,XRPUSDT,ADAUSDT,DOGEUSDT,SOLUSDT,TRXUSDT,DOTUSDT,MATICUSDT,LTCUSDT,BCHUSDT,AVAXUSDT,XLMUSDT,LINKUSDT,XMRUSDT,UNIUSDT,ATOMUSDT', '-interval-list=1m', '-estimator-list=knn', '-stop-loss-list=1.0', '-numeric-features=close,volume,quote_asset_volume,number_of_trades', '-regression-PnL-list=120', '-regression-times-list=0', '-start-train-date=2023-06-01', '-start-test-date=2023-07-01'];3
2023-10-24 10:09:54;CAI;XLMUSDT;30m;knn;allknn;1.0;0;48;0.512;0.0447;0.4781;0.512;ema_48p,ema_200p;;0.7;False;2020-10-01;2023-07-25 18:00:00;3;True;<< NOT SAVED >>;['-batch-training', '-calc-rsi', '-normalize', '-no-tune', '-n-jobs=20', '-verbose', '-symbol-list=BTCUSDT,ETHUSDT,BNBUSDT,XRPUSDT,ADAUSDT,DOGEUSDT,TRXUSDT,DOTUSDT,MATICUSDT,LTCUSDT,BCHUSDT,AVAXUSDT,XLMUSDT,LINKUSDT,XMRUSDT,UNIUSDT,ATOMUSDT', '-interval-list=30m', '-estimator-list=knn', '-stop-loss-list=1.0', '-numeric-features=volume,quote_asset_volume,number_of_trades,taker_buy_base_asset_volume,taker_buy_quote_asset_volume', '-regression-PnL-list=48', '-regression-times-list=0', '-start-train-date=2020-10-01', '-start-test-date=2023-07-01'];2
2023-10-24 11:48:49;SOBE;XLMUSDT;30m;knn;allknn;1.0;0;48;0.3708;0.0206;0.6016;0.6016;quote_asset_volume,taker_buy_quote_asset_volume,rsi,ema_200p;;0.7;False;2020-10-01;2023-07-25 18:00:00;3;True;<< NOT SAVED >>;['-batch-training', '-calc-rsi', '-normalize', '-no-tune', '-n-jobs=20', '-verbose', '-symbol-list=BTCUSDT,ETHUSDT,BNBUSDT,XRPUSDT,ADAUSDT,DOGEUSDT,TRXUSDT,DOTUSDT,MATICUSDT,LTCUSDT,BCHUSDT,AVAXUSDT,XLMUSDT,LINKUSDT,XMRUSDT,UNIUSDT,ATOMUSDT', '-interval-list=30m', '-estimator-list=knn', '-stop-loss-list=1.0', '-numeric-features=volume,quote_asset_volume,number_of_trades,taker_buy_base_asset_volume,taker_buy_quote_asset_volume', '-regression-PnL-list=48', '-regression-times-list=0', '-start-train-date=2020-10-01', '-start-test-date=2023-07-01'];4
2023-10-25 13:05:44;CAI;XMRUSDT;15m;knn;instancehardnessthreshold;1.0;0;60;0.5289;0.1484;0.3726;0.5289;ema_200p;;0.7;False;2022-02-01;2023-07-27 03:00:00;3;True;<< NOT SAVED >>;['-batch-training', '-calc-rsi', '-normalize', '-no-tune', '-n-jobs=20', '-symbol-list=BTCUSDT,ETHUSDT,BNBUSDT,XRPUSDT,ADAUSDT,DOGEUSDT,SOLUSDT,TRXUSDT,DOTUSDT,MATICUSDT,LTCUSDT,BCHUSDT,AVAXUSDT,XLMUSDT,LINKUSDT,XMRUSDT,UNIUSDT,ATOMUSDT', '-interval-list=15m', '-estimator-list=knn', '-stop-loss-list=1.0', '-numeric-features=volume,quote_asset_volume,number_of_trades,taker_buy_base_asset_volume,taker_buy_quote_asset_volume', '-regression-PnL-list=60', '-regression-times-list=0', '-start-train-date=2022-02-01', '-start-test-date=2023-07-01'];1
2023-10-29 15:27:51;SOBE;XMRUSDT;15m;knn;repeatededitednearestneighbours;1.0;0;60;0.3419;0.0128;0.6459;0.6459;close,ema_200p;;0.7;False;2022-02-01;2023-07-31 12:15:00;3;True;<< NOT SAVED >>;['-batch-training', '-calc-rsi', '-normalize', '-no-tune', '-n-jobs=20', '-symbol-list=BTCUSDT,ETHUSDT,BNBUSDT,XRPUSDT,ADAUSDT,DOGEUSDT,SOLUSDT,TRXUSDT,DOTUSDT,MATICUSDT,LTCUSDT,BCHUSDT,AVAXUSDT,XLMUSDT,LINKUSDT,XMRUSDT,UNIUSDT,ATOMUSDT', '-interval-list=15m', '-estimator-list=knn', '-stop-loss-list=1.0', '-numeric-features=close,volume,quote_asset_volume,number_of_trades', '-regression-PnL-list=60', '-regression-times-list=0', '-start-train-date=2022-02-01', '-start-test-date=2023-07-01'];2
2023-10-28 12:58:55;CAI;XMRUSDT;1h;knn;instancehardnessthreshold;1.5;0;24;0.5359;0.317;0.0703;0.5359;close;;0.7;False;2017-11-01;2023-07-30 14:00:00;3;True;<< NOT SAVED >>;['-batch-training', '-calc-rsi', '-normalize', '-no-tune', '-n-jobs=20', '-symbol-list=BTCUSDT,ETHUSDT,BNBUSDT,XRPUSDT,ADAUSDT,DOGEUSDT,SOLUSDT,TRXUSDT,DOTUSDT,MATICUSDT,LTCUSDT,BCHUSDT,AVAXUSDT,XLMUSDT,LINKUSDT,XMRUSDT,UNIUSDT,ATOMUSDT', '-interval-list=1h', '-estimator-list=knn', '-stop-loss-list=1.5', '-numeric-features=close,quote_asset_volume,number_of_trades', '-regression-PnL-list=24', '-regression-times-list=0', '-start-train-date=2017-11-01', '-start-test-date=2023-07-01'];1
2023-10-30 10:43:55;CAI;XMRUSDT;1m;knn;repeatededitednearestneighbours;1.0;0;120;0.5412;0.024;0.3935;0.5412;close,volume,rsi;;0.7;False;2023-06-01;2023-08-01 03:35:00;3;True;<< NOT SAVED >>;['-batch-training', '-calc-rsi', '-normalize', '-no-tune', '-n-jobs=20', '-symbol-list=BTCUSDT,ETHUSDT,BNBUSDT,XRPUSDT,ADAUSDT,DOGEUSDT,SOLUSDT,TRXUSDT,DOTUSDT,MATICUSDT,LTCUSDT,BCHUSDT,AVAXUSDT,XLMUSDT,LINKUSDT,XMRUSDT,UNIUSDT,ATOMUSDT', '-interval-list=1m', '-estimator-list=knn', '-stop-loss-list=1.0', '-numeric-features=close,volume,quote_asset_volume,number_of_trades', '-regression-PnL-list=120', '-regression-times-list=0', '-start-train-date=2023-06-01', '-start-test-date=2023-07-01'];3
2023-10-30 10:58:30;SOBE;XMRUSDT;1m;knn;instancehardnessthreshold;1.0;0;120;0.022;0.0976;0.847;0.847;close,quote_asset_volume,rsi,ema_120p;;0.7;False;2023-06-01;2023-08-01 03:35:00;3;True;<< NOT SAVED >>;['-batch-training', '-calc-rsi', '-normalize', '-no-tune', '-n-jobs=20', '-symbol-list=BTCUSDT,ETHUSDT,BNBUSDT,XRPUSDT,ADAUSDT,DOGEUSDT,SOLUSDT,TRXUSDT,DOTUSDT,MATICUSDT,LTCUSDT,BCHUSDT,AVAXUSDT,XLMUSDT,LINKUSDT,XMRUSDT,UNIUSDT,ATOMUSDT', '-interval-list=1m', '-estimator-list=knn', '-stop-loss-list=1.0', '-numeric-features=close,volume,quote_asset_volume,number_of_trades', '-regression-PnL-list=120', '-regression-times-list=0', '-start-train-date=2023-06-01', '-start-test-date=2023-07-01'];4
2023-10-29 20:01:54;SOBE;XMRUSDT;30m;knn;allknn;1.5;0;48;0.3471;0.1992;0.5116;0.5116;close,rsi,ema_48p;;0.7;False;2020-10-01;2023-07-31 12:00:00;3;True;<< NOT SAVED >>;['-batch-training', '-calc-rsi', '-normalize', '-no-tune', '-n-jobs=20', '-symbol-list=BTCUSDT,ETHUSDT,BNBUSDT,XRPUSDT,ADAUSDT,DOGEUSDT,SOLUSDT,TRXUSDT,DOTUSDT,MATICUSDT,LTCUSDT,BCHUSDT,AVAXUSDT,XLMUSDT,LINKUSDT,XMRUSDT,UNIUSDT,ATOMUSDT', '-interval-list=30m', '-estimator-list=knn', '-stop-loss-list=1.5', '-numeric-features=close,volume,quote_asset_volume,number_of_trades', '-regression-PnL-list=48', '-regression-times-list=0', '-start-train-date=2020-10-01', '-start-test-date=2023-07-01'];3
2023-10-28 04:33:04;CAI;XRPUSDT;1h;knn;instancehardnessthreshold;1.5;0;24;0.6861;0.1385;0.2047;0.6861;close;;0.7;False;2017-11-01;2023-07-30 02:00:00;3;True;<< NOT SAVED >>;['-batch-training', '-calc-rsi', '-normalize', '-no-tune', '-n-jobs=20', '-symbol-list=BTCUSDT,ETHUSDT,BNBUSDT,XRPUSDT,ADAUSDT,DOGEUSDT,SOLUSDT,TRXUSDT,DOTUSDT,MATICUSDT,LTCUSDT,BCHUSDT,AVAXUSDT,XLMUSDT,LINKUSDT,XMRUSDT,UNIUSDT,ATOMUSDT', '-interval-list=1h', '-estimator-list=knn', '-stop-loss-list=1.5', '-numeric-features=close,volume,quote_asset_volume,number_of_trades,taker_buy_base_asset_volume,taker_buy_quote_asset_volume', '-regression-PnL-list=24', '-regression-times-list=0', '-start-train-date=2017-11-01', '-start-test-date=2023-07-01'];1
2023-10-30 03:19:34;CAI;XRPUSDT;1m;knn;instancehardnessthreshold;1.0;0;120;0.885;0.0489;0.1108;0.885;close,volume,quote_asset_volume,number_of_trades,rsi;;0.7;False;2023-06-01;2023-08-01 03:34:00;3;True;<< NOT SAVED >>;['-batch-training', '-calc-rsi', '-normalize', '-no-tune', '-n-jobs=20', '-symbol-list=BTCUSDT,ETHUSDT,BNBUSDT,XRPUSDT,ADAUSDT,DOGEUSDT,SOLUSDT,TRXUSDT,DOTUSDT,MATICUSDT,LTCUSDT,BCHUSDT,AVAXUSDT,XLMUSDT,LINKUSDT,XMRUSDT,UNIUSDT,ATOMUSDT', '-interval-list=1m', '-estimator-list=knn', '-stop-loss-list=1.0', '-numeric-features=close,volume,quote_asset_volume,number_of_trades', '-regression-PnL-list=120', '-regression-times-list=0', '-start-train-date=2023-06-01', '-start-test-date=2023-07-01'];5
2023-10-30 02:57:22;SOBE;XRPUSDT;1m;knn;allknn;1.0;0;120;0.102;0.4085;0.6577;0.6577;close,ema_200p;;0.7;False;2023-06-01;2023-08-01 03:34:00;3;True;<< NOT SAVED >>;['-batch-training', '-calc-rsi', '-normalize', '-no-tune', '-n-jobs=20', '-symbol-list=BTCUSDT,ETHUSDT,BNBUSDT,XRPUSDT,ADAUSDT,DOGEUSDT,SOLUSDT,TRXUSDT,DOTUSDT,MATICUSDT,LTCUSDT,BCHUSDT,AVAXUSDT,XLMUSDT,LINKUSDT,XMRUSDT,UNIUSDT,ATOMUSDT', '-interval-list=1m', '-estimator-list=knn', '-stop-loss-list=1.0', '-numeric-features=close,volume,quote_asset_volume,number_of_trades', '-regression-PnL-list=120', '-regression-times-list=0', '-start-train-date=2023-06-01', '-start-test-date=2023-07-01'];2
2023-10-29 10:31:09;CAI;XRPUSDT;30m;knn;allknn;1.5;0;48;0.6496;0.198;0.1901;0.6496;close,volume,ema_48p;;0.7;False;2020-10-01;2023-07-31 12:00:00;3;True;<< NOT SAVED >>;['-batch-training', '-calc-rsi', '-normalize', '-no-tune', '-n-jobs=20', '-symbol-list=BTCUSDT,ETHUSDT,BNBUSDT,XRPUSDT,ADAUSDT,DOGEUSDT,SOLUSDT,TRXUSDT,DOTUSDT,MATICUSDT,LTCUSDT,BCHUSDT,AVAXUSDT,XLMUSDT,LINKUSDT,XMRUSDT,UNIUSDT,ATOMUSDT', '-interval-list=30m', '-estimator-list=knn', '-stop-loss-list=1.5', '-numeric-features=close,volume,quote_asset_volume,number_of_trades', '-regression-PnL-list=48', '-regression-times-list=0', '-start-train-date=2020-10-01', '-start-test-date=2023-07-01'];3
2023-10-23 03:15:55;SOBE;XRPUSDT;30m;knn;repeatededitednearestneighbours;1.0;0;48;0.382;0.1135;0.566;0.566;quote_asset_volume,ema_48p;;0.7;False;2020-10-01;2023-07-24 20:30:00;3;True;<< NOT SAVED >>;['-batch-training', '-calc-rsi', '-normalize', '-no-tune', '-n-jobs=20', '-verbose', '-symbol-list=BTCUSDT,ETHUSDT,BNBUSDT,XRPUSDT,ADAUSDT,DOGEUSDT,SOLUSDT,TRXUSDT,DOTUSDT,MATICUSDT,LTCUSDT,BCHUSDT,AVAXUSDT,XLMUSDT,LINKUSDT,XMRUSDT,UNIUSDT,ATOMUSDT', '-interval-list=30m', '-estimator-list=knn', '-stop-loss-list=1.0', '-numeric-features=volume,quote_asset_volume,number_of_trades,taker_buy_base_asset_volume,taker_buy_quote_asset_volume', '-regression-PnL-list=48', '-regression-times-list=0', '-start-train-date=2020-10-01', '-start-test-date=2023-07-01'];2
